GEOID,tract_geoid,NAME,state,county,tract,total_population,median_age,median_household_income,male_population,female_population,male_share,female_share,youth_population,senior_population,youth_population_share,senior_population_share,poverty_status_population,poverty_count,poverty_rate,civilian_labor_force,unemployed_count,unemployment_rate,race_ethnicity_total,white_non_hispanic,black_non_hispanic,american_indian_alaska_native_non_hispanic,asian_non_hispanic,native_hawaiian_pacific_islander_non_hispanic,other_race_non_hispanic,two_or_more_races_non_hispanic,hispanic_or_latino,white_non_hispanic_share,black_non_hispanic_share,american_indian_alaska_native_non_hispanic_share,asian_non_hispanic_share,native_hawaiian_pacific_islander_non_hispanic_share,other_race_non_hispanic_share,two_or_more_races_non_hispanic_share,hispanic_or_latino_share,total_housing_units,occupied_housing_units,vacant_housing_units,housing_vacancy_rate,occupied_units_tenure_total,owner_occupied_units,renter_occupied_units,owner_occupancy_share,renter_occupancy_share,education_population_25_plus,high_school_or_higher_count,bachelors_or_higher_count,high_school_or_higher_rate,bachelors_or_higher_rate,average_household_size
37063000101,37063000101,Census Tract 1.01; Durham County; North Carolina,37,63,101,3727.0,38.4,89155.0,1885.0,1842.0,50.58,49.42,476.0,343.0,12.77,9.2,3711.0,286.0,7.71,2402.0,134.0,5.58,3727.0,1113.0,1783.0,0.0,18.0,0.0,0.0,172.0,641.0,29.86,47.84,0.0,0.48,0.0,0.0,4.61,17.2,1548.0,1460.0,88.0,5.68,1460.0,1160.0,300.0,79.45,20.55,3139.0,2775.0,1087.0,88.4,34.63,2.54
37063000102,37063000102,Census Tract 1.02; Durham County; North Carolina,37,63,102,3807.0,31.9,69052.0,1656.0,2151.0,43.5,56.5,966.0,354.0,25.37,9.3,3790.0,840.0,22.16,2233.0,32.0,1.43,3807.0,1600.0,1260.0,0.0,66.0,0.0,86.0,246.0,549.0,42.03,33.1,0.0,1.73,0.0,2.26,6.46,14.42,1867.0,1642.0,225.0,12.05,1642.0,776.0,866.0,47.26,52.74,2683.0,2266.0,1414.0,84.46,52.7,2.31
37063001001,37063001001,Census Tract 10.01; Durham County; North Carolina,37,63,1001,3579.0,35.4,32257.0,1936.0,1643.0,54.09,45.91,820.0,539.0,22.91,15.06,3579.0,1163.0,32.5,1740.0,194.0,11.15,3579.0,771.0,1548.0,0.0,31.0,0.0,38.0,59.0,1132.0,21.54,43.25,0.0,0.87,0.0,1.06,1.65,31.63,1761.0,1437.0,324.0,18.4,1437.0,698.0,739.0,48.57,51.43,2479.0,1976.0,537.0,79.71,21.66,2.48
37063001002,37063001002,Census Tract 10.02; Durham County; North Carolina,37,63,1002,5027.0,31.4,48717.0,2663.0,2364.0,52.97,47.03,1787.0,365.0,35.55,7.26,5027.0,1005.0,19.99,2302.0,132.0,5.73,5027.0,816.0,1227.0,0.0,0.0,0.0,38.0,148.0,2798.0,16.23,24.41,0.0,0.0,0.0,0.76,2.94,55.66,2192.0,1818.0,374.0,17.06,1818.0,468.0,1350.0,25.74,74.26,2801.0,1920.0,478.0,68.55,17.07,2.75
37063001100,37063001100,Census Tract 11; Durham County; North Carolina,37,63,1100,3111.0,33.6,33221.0,1823.0,1288.0,58.6,41.4,877.0,366.0,28.19,11.76,3107.0,884.0,28.45,1274.0,130.0,10.2,3111.0,559.0,1508.0,29.0,46.0,0.0,0.0,57.0,912.0,17.97,48.47,0.93,1.48,0.0,0.0,1.83,29.32,1458.0,1087.0,371.0,25.45,1087.0,277.0,810.0,25.48,74.52,2130.0,1580.0,452.0,74.18,21.22,2.46
37063001301,37063001301,Census Tract 13.01; Durham County; North Carolina,37,63,1301,1702.0,37.2,51838.0,922.0,780.0,54.17,45.83,399.0,243.0,23.44,14.28,1702.0,376.0,22.09,860.0,49.0,5.7,1702.0,317.0,770.0,36.0,0.0,0.0,44.0,64.0,471.0,18.63,45.24,2.12,0.0,0.0,2.59,3.76,27.67,992.0,852.0,140.0,14.11,852.0,241.0,611.0,28.29,71.71,1174.0,894.0,370.0,76.15,31.52,1.97
37063001303,37063001303,Census Tract 13.03; Durham County; North Carolina,37,63,1303,4367.0,20.9,54712.0,2029.0,2338.0,46.46,53.54,424.0,457.0,9.71,10.46,2029.0,479.0,23.61,1763.0,185.0,10.49,4367.0,1474.0,2054.0,6.0,207.0,0.0,7.0,102.0,517.0,33.75,47.03,0.14,4.74,0.0,0.16,2.34,11.84,843.0,767.0,76.0,9.02,767.0,443.0,324.0,57.76,42.24,1394.0,1299.0,699.0,93.19,50.14,2.62
37063001304,37063001304,Census Tract 13.04; Durham County; North Carolina,37,63,1304,2226.0,34.8,40962.0,995.0,1231.0,44.7,55.3,451.0,572.0,20.26,25.7,2220.0,536.0,24.14,957.0,67.0,7.0,2226.0,265.0,1462.0,0.0,42.0,0.0,17.0,62.0,378.0,11.9,65.68,0.0,1.89,0.0,0.76,2.79,16.98,1214.0,1114.0,100.0,8.24,1114.0,415.0,699.0,37.25,62.75,1632.0,1332.0,418.0,81.62,25.61,1.96
37063001400,37063001400,Census Tract 14; Durham County; North Carolina,37,63,1400,2618.0,35.9,49214.0,1049.0,1569.0,40.07,59.93,676.0,315.0,25.82,12.03,2618.0,776.0,29.64,1403.0,98.0,6.99,2618.0,293.0,1579.0,24.0,0.0,0.0,0.0,0.0,722.0,11.19,60.31,0.92,0.0,0.0,0.0,0.0,27.58,1443.0,1207.0,236.0,16.35,1207.0,463.0,744.0,38.36,61.64,1722.0,1291.0,276.0,74.97,16.03,2.16
37063001501,37063001501,Census Tract 15.01; Durham County; North Carolina,37,63,1501,3333.0,19.9,,1408.0,1925.0,42.24,57.76,7.0,0.0,0.21,0.0,0.0,0.0,,1244.0,94.0,7.56,3333.0,1797.0,638.0,21.0,564.0,0.0,0.0,89.0,224.0,53.92,19.14,0.63,16.92,0.0,0.0,2.67,6.72,0.0,0.0,0.0,,0.0,0.0,0.0,,,65.0,65.0,65.0,100.0,100.0,
37063001503,37063001503,Census Tract 15.03; Durham County; North Carolina,37,63,1503,1846.0,19.6,,777.0,1069.0,42.09,57.91,7.0,0.0,0.38,0.0,0.0,0.0,,527.0,40.0,7.59,1846.0,1036.0,243.0,18.0,294.0,0.0,11.0,64.0,180.0,56.12,13.16,0.98,15.93,0.0,0.6,3.47,9.75,0.0,0.0,0.0,,0.0,0.0,0.0,,,29.0,29.0,23.0,100.0,79.31,
37063001504,37063001504,Census Tract 15.04; Durham County; North Carolina,37,63,1504,2645.0,26.0,32725.0,1317.0,1328.0,49.79,50.21,462.0,165.0,17.47,6.24,2547.0,1224.0,48.06,1184.0,51.0,4.31,2645.0,551.0,1081.0,58.0,647.0,0.0,18.0,90.0,200.0,20.83,40.87,2.19,24.46,0.0,0.68,3.4,7.56,1613.0,1418.0,195.0,12.09,1418.0,0.0,1418.0,0.0,100.0,1414.0,1208.0,725.0,85.43,51.27,1.8
37063001505,37063001505,Census Tract 15.05; Durham County; North Carolina,37,63,1505,4132.0,25.5,31875.0,2017.0,2115.0,48.81,51.19,779.0,318.0,18.85,7.7,3947.0,1447.0,36.66,2131.0,70.0,3.28,4132.0,899.0,1043.0,0.0,766.0,0.0,0.0,176.0,1248.0,21.76,25.24,0.0,18.54,0.0,0.0,4.26,30.2,2518.0,2139.0,379.0,15.05,2139.0,62.0,2077.0,2.9,97.1,2165.0,1738.0,1187.0,80.28,54.83,1.84
37063001601,37063001601,Census Tract 16.01; Durham County; North Carolina,37,63,1601,5383.0,47.6,86635.0,2415.0,2968.0,44.86,55.14,1028.0,1204.0,19.1,22.37,5274.0,251.0,4.76,2919.0,59.0,2.02,5383.0,2812.0,1555.0,12.0,327.0,0.0,0.0,168.0,509.0,52.24,28.89,0.22,6.07,0.0,0.0,3.12,9.46,2177.0,2141.0,36.0,1.65,2141.0,1900.0,241.0,88.74,11.26,4082.0,3969.0,1754.0,97.23,42.97,2.43
37063001603,37063001603,Census Tract 16.03; Durham County; North Carolina,37,63,1603,7420.0,39.9,87717.0,3606.0,3814.0,48.6,51.4,1941.0,1300.0,26.16,17.52,7420.0,619.0,8.34,3931.0,108.0,2.75,7420.0,4785.0,1378.0,27.0,227.0,1.0,18.0,577.0,407.0,64.49,18.57,0.36,3.06,0.01,0.24,7.78,5.49,3131.0,3006.0,125.0,3.99,3006.0,2647.0,359.0,88.06,11.94,5191.0,4870.0,2602.0,93.82,50.13,2.47
37063001604,37063001604,Census Tract 16.04; Durham County; North Carolina,37,63,1604,7048.0,48.3,88421.0,3573.0,3475.0,50.7,49.3,1215.0,1949.0,17.24,27.65,7048.0,674.0,9.56,2950.0,111.0,3.76,7048.0,4382.0,1537.0,0.0,78.0,0.0,92.0,339.0,620.0,62.17,21.81,0.0,1.11,0.0,1.31,4.81,8.8,2959.0,2874.0,85.0,2.87,2874.0,2719.0,155.0,94.61,5.39,5285.0,4792.0,2685.0,90.67,50.8,2.45
37063001705,37063001705,Census Tract 17.05; Durham County; North Carolina,37,63,1705,5417.0,45.2,68052.0,2529.0,2888.0,46.69,53.31,1027.0,1245.0,18.96,22.98,5395.0,960.0,17.79,2992.0,254.0,8.49,5417.0,2536.0,1279.0,0.0,191.0,0.0,0.0,484.0,927.0,46.82,23.61,0.0,3.53,0.0,0.0,8.93,17.11,2641.0,2447.0,194.0,7.35,2447.0,1459.0,988.0,59.62,40.38,3947.0,3604.0,1783.0,91.31,45.17,2.2
37063001706,37063001706,Census Tract 17.06; Durham County; North Carolina,37,63,1706,5248.0,35.9,78197.0,2882.0,2366.0,54.92,45.08,949.0,533.0,18.08,10.16,5248.0,469.0,8.94,3431.0,130.0,3.79,5248.0,2782.0,1218.0,0.0,410.0,0.0,0.0,250.0,588.0,53.01,23.21,0.0,7.81,0.0,0.0,4.76,11.2,3015.0,2818.0,197.0,6.53,2818.0,1315.0,1503.0,46.66,53.34,4083.0,3796.0,2767.0,92.97,67.77,1.86
37063001708,37063001708,Census Tract 17.08; Durham County; North Carolina,37,63,1708,4723.0,45.0,78750.0,2097.0,2626.0,44.4,55.6,823.0,1012.0,17.43,21.43,4723.0,485.0,10.27,2231.0,373.0,16.72,4723.0,404.0,3292.0,0.0,226.0,0.0,34.0,146.0,621.0,8.55,69.7,0.0,4.79,0.0,0.72,3.09,13.15,2086.0,2024.0,62.0,2.97,2024.0,1224.0,800.0,60.47,39.53,3308.0,2946.0,838.0,89.06,25.33,2.32
37063001709,37063001709,Census Tract 17.09; Durham County; North Carolina,37,63,1709,8612.0,36.3,56734.0,4236.0,4376.0,49.19,50.81,2335.0,1010.0,27.11,11.73,8227.0,962.0,11.69,4425.0,216.0,4.88,8612.0,600.0,3945.0,0.0,371.0,0.0,0.0,648.0,3048.0,6.97,45.81,0.0,4.31,0.0,0.0,7.52,35.39,3265.0,2947.0,318.0,9.74,2947.0,917.0,2030.0,31.12,68.88,5346.0,4382.0,1416.0,81.97,26.49,2.81
37063001710,37063001710,Census Tract 17.10; Durham County; North Carolina,37,63,1710,4583.0,32.8,79963.0,2254.0,2329.0,49.18,50.82,1208.0,527.0,26.36,11.5,4525.0,369.0,8.15,2389.0,111.0,4.65,4583.0,1071.0,2012.0,0.0,367.0,0.0,0.0,308.0,825.0,23.37,43.9,0.0,8.01,0.0,0.0,6.72,18.0,1993.0,1894.0,99.0,4.97,1894.0,1137.0,757.0,60.03,39.97,2918.0,2810.0,1206.0,96.3,41.33,2.41
37063001711,37063001711,Census Tract 17.11; Durham County; North Carolina,37,63,1711,4777.0,31.8,50795.0,2433.0,2344.0,50.93,49.07,1324.0,488.0,27.72,10.22,4749.0,847.0,17.84,2677.0,36.0,1.34,4777.0,1292.0,2161.0,0.0,19.0,0.0,0.0,8.0,1297.0,27.05,45.24,0.0,0.4,0.0,0.0,0.17,27.15,2645.0,2393.0,252.0,9.53,2393.0,398.0,1995.0,16.63,83.37,3016.0,2574.0,1407.0,85.34,46.65,2.0
37063001712,37063001712,Census Tract 17.12; Durham County; North Carolina,37,63,1712,5382.0,43.2,111794.0,2382.0,3000.0,44.26,55.74,1265.0,1264.0,23.5,23.49,5296.0,329.0,6.21,2692.0,47.0,1.75,5382.0,4471.0,318.0,21.0,171.0,0.0,0.0,139.0,262.0,83.07,5.91,0.39,3.18,0.0,0.0,2.58,4.87,2417.0,2367.0,50.0,2.07,2367.0,1062.0,1305.0,44.87,55.13,3977.0,3870.0,3063.0,97.31,77.02,2.23
37063001713,37063001713,Census Tract 17.13; Durham County; North Carolina,37,63,1713,3434.0,51.8,104146.0,1718.0,1716.0,50.03,49.97,657.0,947.0,19.13,27.58,3434.0,265.0,7.72,1782.0,46.0,2.58,3434.0,2590.0,321.0,0.0,49.0,0.0,27.0,244.0,203.0,75.42,9.35,0.0,1.43,0.0,0.79,7.11,5.91,1471.0,1471.0,0.0,0.0,1471.0,1328.0,143.0,90.28,9.72,2625.0,2521.0,1666.0,96.04,63.47,2.32
37063001801,37063001801,Census Tract 18.01; Durham County; North Carolina,37,63,1801,9151.0,41.3,71095.0,4171.0,4980.0,45.58,54.42,1964.0,1153.0,21.46,12.6,9150.0,946.0,10.34,4903.0,240.0,4.89,9151.0,2229.0,4023.0,0.0,36.0,0.0,0.0,426.0,2437.0,24.36,43.96,0.0,0.39,0.0,0.0,4.66,26.63,3466.0,3239.0,227.0,6.55,3239.0,2419.0,820.0,74.68,25.32,6464.0,5080.0,2331.0,78.59,36.06,2.82
37063001802,37063001802,Census Tract 18.02; Durham County; North Carolina,37,63,1802,7253.0,31.3,61021.0,3507.0,3746.0,48.35,51.65,2440.0,645.0,33.64,8.89,7252.0,1752.0,24.16,3157.0,87.0,2.76,7253.0,789.0,2333.0,52.0,0.0,0.0,0.0,133.0,3946.0,10.88,32.17,0.72,0.0,0.0,0.0,1.83,54.41,2647.0,2300.0,347.0,13.11,2300.0,1301.0,999.0,56.57,43.43,4165.0,2979.0,699.0,71.52,16.78,3.14
37063001806,37063001806,Census Tract 18.06; Durham County; North Carolina,37,63,1806,7588.0,39.5,94464.0,3861.0,3727.0,50.88,49.12,1329.0,992.0,17.51,13.07,7588.0,554.0,7.3,4425.0,420.0,9.49,7588.0,1782.0,4173.0,0.0,32.0,0.0,0.0,316.0,1285.0,23.48,54.99,0.0,0.42,0.0,0.0,4.16,16.93,3002.0,2910.0,92.0,3.06,2910.0,2547.0,363.0,87.53,12.47,5569.0,4927.0,2202.0,88.47,39.54,2.61
37063001808,37063001808,Census Tract 18.08; Durham County; North Carolina,37,63,1808,10863.0,37.7,129430.0,5457.0,5406.0,50.23,49.77,2347.0,877.0,21.61,8.07,10842.0,408.0,3.76,6813.0,199.0,2.92,10863.0,4040.0,4607.0,52.0,888.0,0.0,14.0,430.0,832.0,37.19,42.41,0.48,8.17,0.0,0.13,3.96,7.66,4859.0,4619.0,240.0,4.94,4619.0,4284.0,335.0,92.75,7.25,7991.0,7509.0,5256.0,93.97,65.77,2.35
37063001809,37063001809,Census Tract 18.09; Durham County; North Carolina,37,63,1809,7936.0,36.0,95281.0,3597.0,4339.0,45.33,54.67,1104.0,987.0,13.91,12.44,7906.0,669.0,8.46,5287.0,223.0,4.22,7936.0,3766.0,2148.0,2.0,685.0,0.0,68.0,292.0,975.0,47.45,27.07,0.03,8.63,0.0,0.86,3.68,12.29,4304.0,4085.0,219.0,5.09,4085.0,2073.0,2012.0,50.75,49.25,6230.0,5847.0,3045.0,93.85,48.88,1.94
37063001810,37063001810,Census Tract 18.10; Durham County; North Carolina,37,63,1810,4774.0,32.3,59935.0,2365.0,2409.0,49.54,50.46,1603.0,446.0,33.58,9.34,4715.0,728.0,15.44,2191.0,102.0,4.66,4774.0,455.0,1954.0,0.0,0.0,77.0,0.0,269.0,2019.0,9.53,40.93,0.0,0.0,1.61,0.0,5.63,42.29,1342.0,1323.0,19.0,1.42,1323.0,780.0,543.0,58.96,41.04,2757.0,2121.0,727.0,76.93,26.37,3.56
37063001811,37063001811,Census Tract 18.11; Durham County; North Carolina,37,63,1811,6314.0,37.2,84541.0,3150.0,3164.0,49.89,50.11,1609.0,1051.0,25.48,16.65,6295.0,288.0,4.58,3481.0,146.0,4.19,6314.0,1248.0,3790.0,0.0,47.0,2.0,79.0,108.0,1040.0,19.77,60.03,0.0,0.74,0.03,1.25,1.71,16.47,2298.0,2198.0,100.0,4.35,2198.0,1836.0,362.0,83.53,16.47,4391.0,4043.0,1799.0,92.07,40.97,2.86
37063001900,37063001900,Census Tract 19; Durham County; North Carolina,37,63,1900,6627.0,61.5,113938.0,3054.0,3573.0,46.08,53.92,590.0,2789.0,8.9,42.09,6627.0,82.0,1.24,3022.0,169.0,5.59,6627.0,4563.0,1012.0,11.0,348.0,0.0,0.0,160.0,533.0,68.85,15.27,0.17,5.25,0.0,0.0,2.41,8.04,3524.0,3386.0,138.0,3.92,3386.0,2984.0,402.0,88.13,11.87,5794.0,5611.0,3330.0,96.84,57.47,1.96
37063002007,37063002007,Census Tract 20.07; Durham County; North Carolina,37,63,2007,5275.0,43.8,93601.0,2368.0,2907.0,44.89,55.11,964.0,1155.0,18.27,21.9,5275.0,413.0,7.83,2939.0,37.0,1.26,5275.0,2916.0,1888.0,0.0,186.0,0.0,11.0,63.0,211.0,55.28,35.79,0.0,3.53,0.0,0.21,1.19,4.0,2595.0,2495.0,100.0,3.85,2495.0,1873.0,622.0,75.07,24.93,4034.0,3979.0,2629.0,98.64,65.17,2.11
37063002008,37063002008,Census Tract 20.08; Durham County; North Carolina,37,63,2008,3878.0,48.2,221250.0,1875.0,2003.0,48.35,51.65,971.0,804.0,25.04,20.73,3878.0,86.0,2.22,1766.0,73.0,4.13,3878.0,3089.0,402.0,23.0,54.0,0.0,30.0,177.0,103.0,79.65,10.37,0.59,1.39,0.0,0.77,4.56,2.66,1461.0,1418.0,43.0,2.94,1418.0,1336.0,82.0,94.22,5.78,2782.0,2751.0,2332.0,98.89,83.82,2.73
37063002009,37063002009,Census Tract 20.09; Durham County; North Carolina,37,63,2009,5479.0,44.3,51618.0,2625.0,2854.0,47.91,52.09,1151.0,1069.0,21.01,19.51,5449.0,1213.0,22.26,2457.0,131.0,5.33,5479.0,144.0,3558.0,0.0,32.0,0.0,22.0,132.0,1591.0,2.63,64.94,0.0,0.58,0.0,0.4,2.41,29.04,2194.0,2082.0,112.0,5.1,2082.0,1382.0,700.0,66.38,33.62,3991.0,3374.0,882.0,84.54,22.1,2.62
37063002013,37063002013,Census Tract 20.13; Durham County; North Carolina,37,63,2013,4888.0,42.4,124773.0,2260.0,2628.0,46.24,53.76,848.0,1053.0,17.35,21.54,4888.0,212.0,4.34,2980.0,30.0,1.01,4888.0,2772.0,1357.0,2.0,256.0,0.0,129.0,182.0,190.0,56.71,27.76,0.04,5.24,0.0,2.64,3.72,3.89,2106.0,2106.0,0.0,0.0,2106.0,1909.0,197.0,90.65,9.35,3765.0,3557.0,2558.0,94.48,67.94,2.32
37063002015,37063002015,Census Tract 20.15; Durham County; North Carolina,37,63,2015,4961.0,34.3,70158.0,2455.0,2506.0,49.49,50.51,1167.0,731.0,23.52,14.73,4934.0,669.0,13.56,2581.0,39.0,1.51,4961.0,2146.0,648.0,0.0,391.0,0.0,0.0,198.0,1578.0,43.26,13.06,0.0,7.88,0.0,0.0,3.99,31.81,2569.0,2363.0,206.0,8.02,2363.0,520.0,1843.0,22.01,77.99,3195.0,2865.0,1775.0,89.67,55.56,2.08
37063002019,37063002019,Census Tract 20.19; Durham County; North Carolina,37,63,2019,4704.0,33.2,74310.0,2101.0,2603.0,44.66,55.34,602.0,970.0,12.8,20.62,4635.0,603.0,13.01,2761.0,183.0,6.63,4704.0,3279.0,761.0,0.0,478.0,0.0,21.0,64.0,101.0,69.71,16.18,0.0,10.16,0.0,0.45,1.36,2.15,2763.0,2459.0,304.0,11.0,2459.0,1304.0,1155.0,53.03,46.97,3417.0,3417.0,2967.0,100.0,86.83,1.88
37063002020,37063002020,Census Tract 20.20; Durham County; North Carolina,37,63,2020,10050.0,43.1,193449.0,4911.0,5139.0,48.87,51.13,2566.0,1270.0,25.53,12.64,10025.0,100.0,1.0,5795.0,61.0,1.05,10050.0,5262.0,2464.0,13.0,1126.0,0.0,123.0,670.0,392.0,52.36,24.52,0.13,11.2,0.0,1.22,6.67,3.9,3784.0,3705.0,79.0,2.09,3705.0,3568.0,137.0,96.3,3.7,7199.0,7172.0,6086.0,99.62,84.54,2.71
37063002021,37063002021,Census Tract 20.21; Durham County; North Carolina,37,63,2021,4866.0,31.1,91607.0,2018.0,2848.0,41.47,58.53,1167.0,443.0,23.98,9.1,4847.0,122.0,2.52,3149.0,47.0,1.49,4866.0,1834.0,1778.0,0.0,336.0,0.0,0.0,168.0,750.0,37.69,36.54,0.0,6.91,0.0,0.0,3.45,15.41,2340.0,2188.0,152.0,6.5,2188.0,885.0,1303.0,40.45,59.55,3208.0,3102.0,1889.0,96.7,58.88,2.21
37063002022,37063002022,Census Tract 20.22; Durham County; North Carolina,37,63,2022,4877.0,34.6,80689.0,1968.0,2909.0,40.35,59.65,1005.0,627.0,20.61,12.86,4822.0,475.0,9.85,2984.0,92.0,3.08,4877.0,1707.0,1474.0,11.0,246.0,0.0,267.0,234.0,938.0,35.0,30.22,0.23,5.04,0.0,5.47,4.8,19.23,2383.0,2315.0,68.0,2.85,2315.0,999.0,1316.0,43.15,56.85,3537.0,3500.0,2315.0,98.95,65.45,2.1
37063002023,37063002023,Census Tract 20.23; Durham County; North Carolina,37,63,2023,2656.0,39.4,108026.0,1218.0,1438.0,45.86,54.14,430.0,411.0,16.19,15.47,2586.0,161.0,6.23,1748.0,16.0,0.92,2656.0,1653.0,484.0,6.0,245.0,0.0,7.0,58.0,203.0,62.24,18.22,0.23,9.22,0.0,0.26,2.18,7.64,1331.0,1312.0,19.0,1.43,1312.0,595.0,717.0,45.35,54.65,2082.0,2070.0,1686.0,99.42,80.98,1.94
37063002024,37063002024,Census Tract 20.24; Durham County; North Carolina,37,63,2024,6153.0,37.8,114115.0,2910.0,3243.0,47.29,52.71,1046.0,770.0,17.0,12.51,6153.0,189.0,3.07,4058.0,174.0,4.29,6153.0,4115.0,988.0,11.0,310.0,0.0,14.0,436.0,279.0,66.88,16.06,0.18,5.04,0.0,0.23,7.09,4.53,2979.0,2853.0,126.0,4.23,2853.0,2261.0,592.0,79.25,20.75,4733.0,4708.0,3761.0,99.47,79.46,2.16
37063002025,37063002025,Census Tract 20.25; Durham County; North Carolina,37,63,2025,7063.0,34.6,96504.0,3306.0,3757.0,46.81,53.19,1790.0,755.0,25.34,10.69,6977.0,773.0,11.08,4254.0,240.0,5.64,7063.0,2242.0,2868.0,0.0,726.0,0.0,0.0,423.0,804.0,31.74,40.61,0.0,10.28,0.0,0.0,5.99,11.38,2907.0,2889.0,18.0,0.62,2889.0,1923.0,966.0,66.56,33.44,5023.0,4764.0,3179.0,94.84,63.29,2.44
37063002026,37063002026,Census Tract 20.26; Durham County; North Carolina,37,63,2026,9094.0,30.8,63268.0,4223.0,4871.0,46.44,53.56,2396.0,561.0,26.35,6.17,8856.0,1887.0,21.31,4884.0,220.0,4.5,9094.0,1651.0,4703.0,9.0,136.0,0.0,0.0,305.0,2290.0,18.15,51.72,0.1,1.5,0.0,0.0,3.35,25.18,3660.0,3389.0,271.0,7.4,3389.0,1340.0,2049.0,39.54,60.46,5953.0,5359.0,2513.0,90.02,42.21,2.68
37063002029,37063002029,Census Tract 20.29; Durham County; North Carolina,37,63,2029,4042.0,37.6,88462.0,1961.0,2081.0,48.52,51.48,661.0,790.0,16.35,19.54,4042.0,159.0,3.93,2090.0,44.0,2.11,4042.0,2154.0,705.0,0.0,445.0,0.0,39.0,231.0,468.0,53.29,17.44,0.0,11.01,0.0,0.96,5.71,11.58,2197.0,1974.0,223.0,10.15,1974.0,654.0,1320.0,33.13,66.87,3042.0,3006.0,2299.0,98.82,75.58,2.04
37063002030,37063002030,Census Tract 20.30; Durham County; North Carolina,37,63,2030,4565.0,46.0,168606.0,2305.0,2260.0,50.49,49.51,966.0,1047.0,21.16,22.94,4565.0,183.0,4.01,2352.0,47.0,2.0,4565.0,3032.0,372.0,28.0,519.0,0.0,20.0,364.0,230.0,66.42,8.15,0.61,11.37,0.0,0.44,7.97,5.04,1923.0,1801.0,122.0,6.34,1801.0,1568.0,233.0,87.06,12.94,3415.0,3401.0,2703.0,99.59,79.15,2.53
37063002031,37063002031,Census Tract 20.31; Durham County; North Carolina,37,63,2031,2794.0,28.5,64797.0,1331.0,1463.0,47.64,52.36,788.0,203.0,28.2,7.27,2757.0,546.0,19.8,1643.0,97.0,5.9,2794.0,501.0,910.0,85.0,62.0,0.0,0.0,118.0,1118.0,17.93,32.57,3.04,2.22,0.0,0.0,4.22,40.01,1150.0,1080.0,70.0,6.09,1080.0,200.0,880.0,18.52,81.48,1502.0,1384.0,562.0,92.14,37.42,2.59
37063002032,37063002032,Census Tract 20.32; Durham County; North Carolina,37,63,2032,2595.0,28.3,52097.0,1303.0,1292.0,50.21,49.79,641.0,17.0,24.7,0.66,2578.0,546.0,21.18,1726.0,30.0,1.74,2595.0,580.0,738.0,0.0,119.0,0.0,0.0,163.0,995.0,22.35,28.44,0.0,4.59,0.0,0.0,6.28,38.34,1499.0,1275.0,224.0,14.94,1275.0,0.0,1275.0,0.0,100.0,1602.0,1421.0,639.0,88.7,39.89,2.02
37063002033,37063002033,Census Tract 20.33; Durham County; North Carolina,37,63,2033,4397.0,41.6,135660.0,2130.0,2267.0,48.44,51.56,742.0,1207.0,16.88,27.45,4367.0,135.0,3.09,2223.0,63.0,2.83,4397.0,3445.0,316.0,0.0,234.0,0.0,93.0,226.0,83.0,78.35,7.19,0.0,5.32,0.0,2.12,5.14,1.89,2371.0,2134.0,237.0,10.0,2134.0,1280.0,854.0,59.98,40.02,3460.0,3438.0,2924.0,99.36,84.51,2.04
37063002034,37063002034,Census Tract 20.34; Durham County; North Carolina,37,63,2034,6422.0,33.2,80816.0,2992.0,3430.0,46.59,53.41,1345.0,1031.0,20.94,16.05,6422.0,409.0,6.37,4157.0,201.0,4.84,6422.0,3335.0,1743.0,0.0,435.0,0.0,0.0,199.0,710.0,51.93,27.14,0.0,6.77,0.0,0.0,3.1,11.06,3318.0,3126.0,192.0,5.79,3126.0,1318.0,1808.0,42.16,57.84,4386.0,4244.0,3309.0,96.76,75.44,2.05
37063002035,37063002035,Census Tract 20.35; Durham County; North Carolina,37,63,2035,6622.0,32.0,83203.0,3047.0,3575.0,46.01,53.99,932.0,883.0,14.07,13.33,6526.0,403.0,6.18,4544.0,104.0,2.29,6622.0,2198.0,2560.0,0.0,503.0,0.0,87.0,346.0,928.0,33.19,38.66,0.0,7.6,0.0,1.31,5.23,14.01,3637.0,3408.0,229.0,6.3,3408.0,1752.0,1656.0,51.41,48.59,4754.0,4536.0,3093.0,95.41,65.06,1.94
37063002036,37063002036,Census Tract 20.36; Durham County; North Carolina,37,63,2036,3621.0,30.2,53586.0,1772.0,1849.0,48.94,51.06,796.0,394.0,21.98,10.88,3621.0,439.0,12.12,2348.0,43.0,1.83,3621.0,821.0,1785.0,0.0,110.0,0.0,65.0,688.0,152.0,22.67,49.3,0.0,3.04,0.0,1.8,19.0,4.2,2353.0,2057.0,296.0,12.58,2057.0,188.0,1869.0,9.14,90.86,2504.0,2458.0,1621.0,98.16,64.74,1.76
37063002037,37063002037,Census Tract 20.37; Durham County; North Carolina,37,63,2037,7417.0,31.5,83360.0,2922.0,4495.0,39.4,60.6,1098.0,234.0,14.8,3.15,7382.0,74.0,1.0,5706.0,124.0,2.17,7417.0,2812.0,2531.0,0.0,1598.0,0.0,0.0,89.0,387.0,37.91,34.12,0.0,21.55,0.0,0.0,1.2,5.22,4542.0,3967.0,575.0,12.66,3967.0,784.0,3183.0,19.76,80.24,5533.0,5371.0,3988.0,97.07,72.08,1.87
37063002038,37063002038,Census Tract 20.38; Durham County; North Carolina,37,63,2038,6902.0,34.5,98821.0,3146.0,3756.0,45.58,54.42,842.0,1231.0,12.2,17.84,6871.0,567.0,8.25,4740.0,85.0,1.79,6902.0,3295.0,2450.0,41.0,381.0,0.0,24.0,363.0,348.0,47.74,35.5,0.59,5.52,0.0,0.35,5.26,5.04,3647.0,3545.0,102.0,2.8,3545.0,2085.0,1460.0,58.82,41.18,5825.0,5407.0,3931.0,92.82,67.48,1.95
37063002100,37063002100,Census Tract 21; Durham County; North Carolina,37,63,2100,8652.0,49.2,114058.0,5115.0,3537.0,59.12,40.88,1234.0,2091.0,14.26,24.17,6569.0,430.0,6.55,2941.0,64.0,2.18,8652.0,5631.0,1890.0,44.0,58.0,0.0,0.0,277.0,752.0,65.08,21.84,0.51,0.67,0.0,0.0,3.2,8.69,2916.0,2852.0,64.0,2.19,2852.0,2697.0,155.0,94.57,5.43,6998.0,6098.0,2799.0,87.14,40.0,2.3
37063002200,37063002200,Census Tract 22; Durham County; North Carolina,37,63,2200,3037.0,35.7,116146.0,1701.0,1336.0,56.01,43.99,218.0,325.0,7.18,10.7,3037.0,408.0,13.43,2289.0,35.0,1.53,3037.0,1930.0,462.0,0.0,136.0,0.0,22.0,238.0,249.0,63.55,15.21,0.0,4.48,0.0,0.72,7.84,8.2,2301.0,1977.0,324.0,14.08,1977.0,531.0,1446.0,26.86,73.14,2496.0,2412.0,2049.0,96.63,82.09,1.46
37063002300,37063002300,Census Tract 23; Durham County; North Carolina,37,63,2300,2725.0,32.2,61225.0,1523.0,1202.0,55.89,44.11,335.0,211.0,12.29,7.74,2382.0,537.0,22.54,1569.0,68.0,4.33,2725.0,1082.0,1245.0,7.0,142.0,0.0,5.0,101.0,143.0,39.71,45.69,0.26,5.21,0.0,0.18,3.71,5.25,1625.0,1524.0,101.0,6.22,1524.0,196.0,1328.0,12.86,87.14,2110.0,1834.0,1166.0,86.92,55.26,1.57
37063000200,37063000200,Census Tract 2; Durham County; North Carolina,37,63,200,3347.0,38.2,75750.0,1761.0,1586.0,52.61,47.39,585.0,253.0,17.48,7.56,3342.0,795.0,23.79,1997.0,100.0,5.01,3347.0,1526.0,747.0,14.0,115.0,0.0,13.0,247.0,685.0,45.59,22.32,0.42,3.44,0.0,0.39,7.38,20.47,1360.0,1250.0,110.0,8.09,1250.0,540.0,710.0,43.2,56.8,2541.0,2284.0,1229.0,89.89,48.37,2.42
37063000301,37063000301,Census Tract 3.01; Durham County; North Carolina,37,63,301,2779.0,34.0,60097.0,1525.0,1254.0,54.88,45.12,307.0,432.0,11.05,15.55,2772.0,250.0,9.02,1924.0,26.0,1.35,2779.0,1514.0,678.0,0.0,25.0,0.0,0.0,268.0,294.0,54.48,24.4,0.0,0.9,0.0,0.0,9.64,10.58,1659.0,1588.0,71.0,4.28,1588.0,445.0,1143.0,28.02,71.98,2335.0,2238.0,1394.0,95.85,59.7,1.74
37063000302,37063000302,Census Tract 3.02; Durham County; North Carolina,37,63,302,3670.0,36.0,90333.0,1981.0,1689.0,53.98,46.02,778.0,332.0,21.2,9.05,3659.0,422.0,11.53,2357.0,32.0,1.36,3670.0,2474.0,334.0,0.0,66.0,0.0,0.0,289.0,507.0,67.41,9.1,0.0,1.8,0.0,0.0,7.87,13.81,1807.0,1694.0,113.0,6.25,1694.0,866.0,828.0,51.12,48.88,2634.0,2545.0,1966.0,96.62,74.64,2.16
37063000401,37063000401,Census Tract 4.01; Durham County; North Carolina,37,63,401,2558.0,38.6,117213.0,1189.0,1369.0,46.48,53.52,610.0,461.0,23.85,18.02,2558.0,182.0,7.11,1264.0,8.0,0.63,2558.0,2121.0,84.0,0.0,56.0,0.0,34.0,83.0,180.0,82.92,3.28,0.0,2.19,0.0,1.33,3.24,7.04,1250.0,1140.0,110.0,8.8,1140.0,898.0,242.0,78.77,21.23,1879.0,1810.0,1601.0,96.33,85.2,2.24
37063000402,37063000402,Census Tract 4.02; Durham County; North Carolina,37,63,402,2663.0,30.4,49397.0,1224.0,1439.0,45.96,54.04,199.0,192.0,7.47,7.21,2663.0,556.0,20.88,1697.0,66.0,3.89,2663.0,1561.0,30.0,13.0,561.0,0.0,44.0,171.0,283.0,58.62,1.13,0.49,21.07,0.0,1.65,6.42,10.63,1950.0,1666.0,284.0,14.56,1666.0,347.0,1319.0,20.83,79.17,2086.0,2061.0,1868.0,98.8,89.55,1.6
37063000500,37063000500,Census Tract 5; Durham County; North Carolina,37,63,500,3948.0,27.3,55109.0,1898.0,2050.0,48.07,51.93,654.0,378.0,16.57,9.57,3229.0,647.0,20.04,1976.0,61.0,3.09,3948.0,1656.0,1431.0,53.0,239.0,41.0,6.0,131.0,391.0,41.95,36.25,1.34,6.05,1.04,0.15,3.32,9.9,1807.0,1362.0,445.0,24.63,1362.0,416.0,946.0,30.54,69.46,2143.0,1947.0,1129.0,90.85,52.68,2.36
37063000600,37063000600,Census Tract 6; Durham County; North Carolina,37,63,600,5056.0,42.3,78237.0,2005.0,3051.0,39.66,60.34,818.0,572.0,16.18,11.31,5056.0,885.0,17.5,3149.0,92.0,2.92,5056.0,2889.0,741.0,0.0,268.0,0.0,0.0,296.0,862.0,57.14,14.66,0.0,5.3,0.0,0.0,5.85,17.05,2671.0,2491.0,180.0,6.74,2491.0,1514.0,977.0,60.78,39.22,3991.0,3714.0,2471.0,93.06,61.91,1.94
37063000700,37063000700,Census Tract 7; Durham County; North Carolina,37,63,700,4059.0,34.7,85368.0,1722.0,2337.0,42.42,57.58,718.0,613.0,17.69,15.1,4045.0,377.0,9.32,2211.0,119.0,5.38,4059.0,2622.0,737.0,0.0,168.0,0.0,20.0,244.0,268.0,64.6,18.16,0.0,4.14,0.0,0.49,6.01,6.6,2327.0,2163.0,164.0,7.05,2163.0,808.0,1355.0,37.36,62.64,2891.0,2754.0,2169.0,95.26,75.03,1.87
37063980100,37063980100,Census Tract 9801; Durham County; North Carolina,37,63,980100,0.0,,,0.0,0.0,,,0.0,0.0,,,0.0,0.0,,0.0,0.0,,0.0,0.0,0.0,0.0,0.0,0.0,0.0,0.0,0.0,,,,,,,,,0.0,0.0,0.0,,0.0,0.0,0.0,,,0.0,0.0,0.0,,,
37063000900,37063000900,Census Tract 9; Durham County; North Carolina,37,63,900,1885.0,36.3,70326.0,930.0,955.0,49.34,50.66,344.0,192.0,18.25,10.19,1885.0,253.0,13.42,1268.0,8.0,0.63,1885.0,466.0,597.0,0.0,17.0,0.0,20.0,71.0,714.0,24.72,31.67,0.0,0.9,0.0,1.06,3.77,37.88,949.0,816.0,133.0,14.01,816.0,409.0,407.0,50.12,49.88,1407.0,976.0,568.0,69.37,40.37,2.3
