model_name,n_components,fold_index,accuracy,precision,recall,f1,roc_auc
pca_logistic_regression,5,1,0.7857142857142857,0.6,0.75,0.6666666666666666,0.9500000000000001
pca_logistic_regression,5,2,0.7142857142857143,0.5,0.5,0.5,0.8
pca_logistic_regression,5,3,0.8571428571428571,0.6,1.0,0.75,0.8181818181818181
pca_logistic_regression,5,4,0.6153846153846154,0.3333333333333333,0.6666666666666666,0.4444444444444444,0.6666666666666666
pca_logistic_regression,5,5,0.9230769230769231,1.0,0.6666666666666666,0.8,0.8999999999999999
pca_logistic_regression,5,6,0.6428571428571429,0.4444444444444444,1.0,0.6153846153846154,0.775
pca_logistic_regression,5,7,0.7857142857142857,0.6666666666666666,0.5,0.5714285714285714,0.875
pca_logistic_regression,5,8,0.8571428571428571,0.6666666666666666,0.6666666666666666,0.6666666666666666,0.9696969696969697
pca_logistic_regression,5,9,0.7692307692307693,0.5,1.0,0.6666666666666666,0.7999999999999999
pca_logistic_regression,5,10,0.5384615384615384,0.2,0.3333333333333333,0.25,0.5666666666666667
pca_logistic_regression,5,11,0.7857142857142857,0.6,0.75,0.6666666666666666,0.8500000000000001
pca_logistic_regression,5,12,0.7142857142857143,0.5,0.75,0.6,0.9
pca_logistic_regression,5,13,0.5714285714285714,0.2,0.3333333333333333,0.25,0.6666666666666666
pca_logistic_regression,5,14,0.9230769230769231,0.75,1.0,0.8571428571428571,0.9
pca_logistic_regression,5,15,0.46153846153846156,0.25,0.6666666666666666,0.36363636363636365,0.7
pca_logistic_regression,5,16,0.7142857142857143,0.5,0.5,0.5,0.8
pca_logistic_regression,5,17,0.5714285714285714,0.3333333333333333,0.5,0.4,0.4749999999999999
pca_logistic_regression,5,18,0.6428571428571429,0.375,1.0,0.5454545454545454,0.8787878787878788
pca_logistic_regression,5,19,0.6923076923076923,0.3333333333333333,0.3333333333333333,0.3333333333333333,0.7333333333333333
pca_logistic_regression,5,20,0.7692307692307693,0.5,1.0,0.6666666666666666,0.8666666666666667
pca_logistic_regression,5,21,0.7142857142857143,0.5,0.5,0.5,0.85
pca_logistic_regression,5,22,0.5,0.3333333333333333,0.75,0.46153846153846156,0.625
pca_logistic_regression,5,23,0.5714285714285714,0.2857142857142857,0.6666666666666666,0.4,0.8181818181818181
pca_logistic_regression,5,24,0.8461538461538461,1.0,0.3333333333333333,0.5,0.9666666666666667
pca_logistic_regression,5,25,0.6923076923076923,0.42857142857142855,1.0,0.6,0.8666666666666667
pca_logistic_regression,5,26,0.5714285714285714,0.25,0.25,0.25,0.7
pca_logistic_regression,5,27,0.9285714285714286,0.8,1.0,0.8888888888888888,1.0
pca_logistic_regression,5,28,0.5,0.16666666666666666,0.3333333333333333,0.2222222222222222,0.5454545454545454
pca_logistic_regression,5,29,0.8461538461538461,0.6,1.0,0.75,0.9
pca_logistic_regression,5,30,0.46153846153846156,0.0,0.0,0.0,0.3
pca_logistic_regression,5,31,0.8571428571428571,0.6666666666666666,1.0,0.8,0.9500000000000001
pca_logistic_regression,5,32,0.7142857142857143,0.5,0.25,0.3333333333333333,0.75
pca_logistic_regression,5,33,0.5714285714285714,0.2857142857142857,0.6666666666666666,0.4,0.6363636363636364
pca_logistic_regression,5,34,0.6153846153846154,0.25,0.3333333333333333,0.2857142857142857,0.7999999999999999
pca_logistic_regression,5,35,0.7692307692307693,0.5,1.0,0.6666666666666666,0.8666666666666667
pca_logistic_regression,5,36,0.7142857142857143,0.5,1.0,0.6666666666666666,0.925
pca_logistic_regression,5,37,0.5,0.3333333333333333,0.75,0.46153846153846156,0.5750000000000001
pca_logistic_regression,5,38,0.6428571428571429,0.25,0.3333333333333333,0.2857142857142857,0.6666666666666666
pca_logistic_regression,5,39,0.7692307692307693,0.5,0.3333333333333333,0.4,0.9
pca_logistic_regression,5,40,0.9230769230769231,1.0,0.6666666666666666,0.8,0.9666666666666667
pca_logistic_regression,5,41,0.6428571428571429,0.4,0.5,0.4444444444444444,0.75
pca_logistic_regression,5,42,0.5714285714285714,0.3333333333333333,0.5,0.4,0.8
pca_logistic_regression,5,43,0.7142857142857143,0.4,0.6666666666666666,0.5,0.7878787878787878
pca_logistic_regression,5,44,0.6153846153846154,0.3333333333333333,0.6666666666666666,0.4444444444444444,0.8
pca_logistic_regression,5,45,0.8461538461538461,0.6,1.0,0.75,0.8666666666666667
pca_logistic_regression,5,46,0.7142857142857143,0.5,0.75,0.6,0.7999999999999999
pca_logistic_regression,5,47,0.5714285714285714,0.4,1.0,0.5714285714285714,0.8
pca_logistic_regression,5,48,0.5714285714285714,0.2,0.3333333333333333,0.25,0.5757575757575757
pca_logistic_regression,5,49,0.6923076923076923,0.3333333333333333,0.3333333333333333,0.3333333333333333,0.7999999999999999
pca_logistic_regression,5,50,0.6923076923076923,0.3333333333333333,0.3333333333333333,0.3333333333333333,0.7666666666666666
pca_logistic_regression,6,1,0.9285714285714286,1.0,0.75,0.8571428571428571,1.0
pca_logistic_regression,6,2,0.8571428571428571,0.6666666666666666,1.0,0.8,0.8
pca_logistic_regression,6,3,0.7857142857142857,0.5,1.0,0.6666666666666666,0.9090909090909091
pca_logistic_regression,6,4,0.6153846153846154,0.3333333333333333,0.6666666666666666,0.4444444444444444,0.6333333333333333
pca_logistic_regression,6,5,0.9230769230769231,1.0,0.6666666666666666,0.8,0.8999999999999999
pca_logistic_regression,6,6,0.6428571428571429,0.4444444444444444,1.0,0.6153846153846154,0.9500000000000001
pca_logistic_regression,6,7,0.7142857142857143,0.5,0.25,0.3333333333333333,0.825
pca_logistic_regression,6,8,0.8571428571428571,0.6,1.0,0.75,0.9393939393939393
pca_logistic_regression,6,9,0.8461538461538461,0.6,1.0,0.75,0.9333333333333333
pca_logistic_regression,6,10,0.6153846153846154,0.3333333333333333,0.6666666666666666,0.4444444444444444,0.6666666666666666
pca_logistic_regression,6,11,0.7142857142857143,0.5,0.5,0.5,0.75
pca_logistic_regression,6,12,0.7142857142857143,0.5,0.75,0.6,0.9
pca_logistic_regression,6,13,0.7857142857142857,0.5,1.0,0.6666666666666666,0.7878787878787878
pca_logistic_regression,6,14,0.8461538461538461,0.6,1.0,0.75,0.8666666666666667
pca_logistic_regression,6,15,0.6153846153846154,0.3333333333333333,0.6666666666666666,0.4444444444444444,0.7333333333333333
pca_logistic_regression,6,16,0.7857142857142857,0.6,0.75,0.6666666666666666,0.875
pca_logistic_regression,6,17,0.6428571428571429,0.4,0.5,0.4444444444444444,0.65
pca_logistic_regression,6,18,0.7857142857142857,0.5,0.6666666666666666,0.5714285714285714,0.9393939393939393
pca_logistic_regression,6,19,0.6923076923076923,0.3333333333333333,0.3333333333333333,0.3333333333333333,0.8
pca_logistic_regression,6,20,0.8461538461538461,0.6666666666666666,0.6666666666666666,0.6666666666666666,0.9333333333333333
pca_logistic_regression,6,21,0.7857142857142857,0.6666666666666666,0.5,0.5714285714285714,0.9
pca_logistic_regression,6,22,0.8571428571428571,0.75,0.75,0.75,0.8250000000000001
pca_logistic_regression,6,23,0.5714285714285714,0.2857142857142857,0.6666666666666666,0.4,0.8484848484848484
pca_logistic_regression,6,24,0.9230769230769231,0.75,1.0,0.8571428571428571,1.0
pca_logistic_regression,6,25,0.8461538461538461,0.6,1.0,0.75,0.9666666666666667
pca_logistic_regression,6,26,0.7857142857142857,0.5714285714285714,1.0,0.7272727272727273,0.8250000000000001
pca_logistic_regression,6,27,0.8571428571428571,0.75,0.75,0.75,0.925
pca_logistic_regression,6,28,0.7857142857142857,0.5,0.6666666666666666,0.5714285714285714,0.8484848484848485
pca_logistic_regression,6,29,0.8461538461538461,0.6,1.0,0.75,0.9
pca_logistic_regression,6,30,0.6923076923076923,0.3333333333333333,0.3333333333333333,0.3333333333333333,0.5666666666666667
pca_logistic_regression,6,31,0.8571428571428571,0.6666666666666666,1.0,0.8,0.9750000000000001
pca_logistic_regression,6,32,0.6428571428571429,0.3333333333333333,0.25,0.2857142857142857,0.625
pca_logistic_regression,6,33,0.6428571428571429,0.375,1.0,0.5454545454545454,0.6666666666666666
pca_logistic_regression,6,34,0.9230769230769231,1.0,0.6666666666666666,0.8,0.8666666666666667
pca_logistic_regression,6,35,0.7692307692307693,0.5,1.0,0.6666666666666666,0.8666666666666667
pca_logistic_regression,6,36,0.7857142857142857,0.5714285714285714,1.0,0.7272727272727273,0.85
pca_logistic_regression,6,37,0.5714285714285714,0.375,0.75,0.5,0.725
pca_logistic_regression,6,38,0.7857142857142857,0.5,0.6666666666666666,0.5714285714285714,0.8484848484848485
pca_logistic_regression,6,39,0.7692307692307693,0.5,0.6666666666666666,0.5714285714285714,0.8999999999999999
pca_logistic_regression,6,40,0.9230769230769231,1.0,0.6666666666666666,0.8,0.8999999999999999
pca_logistic_regression,6,41,0.7857142857142857,0.5714285714285714,1.0,0.7272727272727273,0.925
pca_logistic_regression,6,42,0.7142857142857143,0.5,0.5,0.5,0.875
pca_logistic_regression,6,43,0.9285714285714286,1.0,0.6666666666666666,0.8,0.9393939393939393
pca_logistic_regression,6,44,0.6153846153846154,0.25,0.3333333333333333,0.2857142857142857,0.7333333333333334
pca_logistic_regression,6,45,0.8461538461538461,0.6,1.0,0.75,1.0
pca_logistic_regression,6,46,0.8571428571428571,0.75,0.75,0.75,0.9
pca_logistic_regression,6,47,0.5714285714285714,0.4,1.0,0.5714285714285714,0.825
pca_logistic_regression,6,48,0.9285714285714286,1.0,0.6666666666666666,0.8,0.8787878787878788
pca_logistic_regression,6,49,0.7692307692307693,0.5,0.3333333333333333,0.4,0.7666666666666666
pca_logistic_regression,6,50,0.9230769230769231,0.75,1.0,0.8571428571428571,1.0
pca_logistic_regression,7,1,0.9285714285714286,1.0,0.75,0.8571428571428571,0.9
pca_logistic_regression,7,2,0.7142857142857143,0.5,0.75,0.6,0.9249999999999999
pca_logistic_regression,7,3,0.7857142857142857,0.5,1.0,0.6666666666666666,0.9090909090909091
pca_logistic_regression,7,4,0.6153846153846154,0.3333333333333333,0.6666666666666666,0.4444444444444444,0.6666666666666666
pca_logistic_regression,7,5,0.9230769230769231,1.0,0.6666666666666666,0.8,0.9333333333333333
pca_logistic_regression,7,6,0.6428571428571429,0.4444444444444444,1.0,0.6153846153846154,1.0
pca_logistic_regression,7,7,0.7142857142857143,0.5,0.25,0.3333333333333333,0.825
pca_logistic_regression,7,8,0.8571428571428571,0.6,1.0,0.75,1.0
pca_logistic_regression,7,9,0.8461538461538461,0.6,1.0,0.75,1.0
pca_logistic_regression,7,10,0.8461538461538461,0.6666666666666666,0.6666666666666666,0.6666666666666666,0.8333333333333333
pca_logistic_regression,7,11,0.7142857142857143,0.5,0.5,0.5,0.775
pca_logistic_regression,7,12,0.9285714285714286,1.0,0.75,0.8571428571428571,0.9249999999999999
pca_logistic_regression,7,13,0.7857142857142857,0.5,1.0,0.6666666666666666,0.8181818181818181
pca_logistic_regression,7,14,0.8461538461538461,0.6,1.0,0.75,0.9666666666666667
pca_logistic_regression,7,15,0.6923076923076923,0.4,0.6666666666666666,0.5,0.7333333333333333
pca_logistic_regression,7,16,0.7857142857142857,0.6,0.75,0.6666666666666666,0.875
pca_logistic_regression,7,17,0.6428571428571429,0.4,0.5,0.4444444444444444,0.675
pca_logistic_regression,7,18,0.7857142857142857,0.5,0.6666666666666666,0.5714285714285714,0.9393939393939393
pca_logistic_regression,7,19,0.8461538461538461,0.6,1.0,0.75,0.8333333333333334
pca_logistic_regression,7,20,0.8461538461538461,0.6666666666666666,0.6666666666666666,0.6666666666666666,0.9333333333333333
pca_logistic_regression,7,21,0.8571428571428571,1.0,0.5,0.6666666666666666,0.9
pca_logistic_regression,7,22,0.7142857142857143,0.5,0.75,0.6,0.5750000000000001
pca_logistic_regression,7,23,0.6428571428571429,0.3333333333333333,0.6666666666666666,0.4444444444444444,0.606060606060606
pca_logistic_regression,7,24,0.9230769230769231,0.75,1.0,0.8571428571428571,1.0
pca_logistic_regression,7,25,0.8461538461538461,0.6,1.0,0.75,1.0
pca_logistic_regression,7,26,0.7857142857142857,0.6,0.75,0.6666666666666666,0.7999999999999999
pca_logistic_regression,7,27,0.8571428571428571,0.75,0.75,0.75,0.925
pca_logistic_regression,7,28,0.7857142857142857,0.5,0.6666666666666666,0.5714285714285714,0.9090909090909091
pca_logistic_regression,7,29,0.8461538461538461,0.6,1.0,0.75,0.9333333333333333
pca_logistic_regression,7,30,0.6923076923076923,0.3333333333333333,0.3333333333333333,0.3333333333333333,0.6333333333333333
pca_logistic_regression,7,31,0.8571428571428571,0.6666666666666666,1.0,0.8,0.9750000000000001
pca_logistic_regression,7,32,0.7142857142857143,0.5,0.5,0.5,0.65
pca_logistic_regression,7,33,0.6428571428571429,0.375,1.0,0.5454545454545454,0.6666666666666666
pca_logistic_regression,7,34,0.9230769230769231,1.0,0.6666666666666666,0.8,0.8666666666666667
pca_logistic_regression,7,35,0.7692307692307693,0.5,1.0,0.6666666666666666,0.9
pca_logistic_regression,7,36,0.7857142857142857,0.5714285714285714,1.0,0.7272727272727273,0.875
pca_logistic_regression,7,37,0.6428571428571429,0.42857142857142855,0.75,0.5454545454545454,0.75
pca_logistic_regression,7,38,0.7142857142857143,0.3333333333333333,0.3333333333333333,0.3333333333333333,0.8484848484848485
pca_logistic_regression,7,39,0.7692307692307693,0.5,0.6666666666666666,0.5714285714285714,0.9333333333333333
pca_logistic_regression,7,40,0.9230769230769231,1.0,0.6666666666666666,0.8,0.8666666666666667
pca_logistic_regression,7,41,0.7857142857142857,0.5714285714285714,1.0,0.7272727272727273,0.925
pca_logistic_regression,7,42,0.7857142857142857,0.6666666666666666,0.5,0.5714285714285714,0.9
pca_logistic_regression,7,43,0.8571428571428571,0.6666666666666666,0.6666666666666666,0.6666666666666666,0.9393939393939393
pca_logistic_regression,7,44,0.6923076923076923,0.4,0.6666666666666666,0.5,0.7333333333333334
pca_logistic_regression,7,45,0.8461538461538461,0.6,1.0,0.75,1.0
pca_logistic_regression,7,46,0.7857142857142857,0.6,0.75,0.6666666666666666,0.9
pca_logistic_regression,7,47,0.5714285714285714,0.4,1.0,0.5714285714285714,0.85
pca_logistic_regression,7,48,0.9285714285714286,1.0,0.6666666666666666,0.8,0.9393939393939393
pca_logistic_regression,7,49,0.7692307692307693,0.5,0.3333333333333333,0.4,0.7666666666666666
pca_logistic_regression,7,50,0.6923076923076923,0.3333333333333333,0.3333333333333333,0.3333333333333333,0.8
pca_logistic_regression,8,1,0.9285714285714286,1.0,0.75,0.8571428571428571,0.9
pca_logistic_regression,8,2,0.9285714285714286,0.8,1.0,0.8888888888888888,0.9500000000000001
pca_logistic_regression,8,3,0.7857142857142857,0.5,1.0,0.6666666666666666,0.9090909090909091
pca_logistic_regression,8,4,0.6153846153846154,0.3333333333333333,0.6666666666666666,0.4444444444444444,0.7333333333333334
pca_logistic_regression,8,5,0.9230769230769231,1.0,0.6666666666666666,0.8,0.9333333333333333
pca_logistic_regression,8,6,0.6428571428571429,0.4444444444444444,1.0,0.6153846153846154,1.0
pca_logistic_regression,8,7,0.7142857142857143,0.5,0.25,0.3333333333333333,0.825
pca_logistic_regression,8,8,0.8571428571428571,0.6,1.0,0.75,1.0
pca_logistic_regression,8,9,0.8461538461538461,0.6,1.0,0.75,1.0
pca_logistic_regression,8,10,0.8461538461538461,0.6666666666666666,0.6666666666666666,0.6666666666666666,0.8333333333333333
pca_logistic_regression,8,11,0.7142857142857143,0.5,0.5,0.5,0.625
pca_logistic_regression,8,12,0.9285714285714286,1.0,0.75,0.8571428571428571,0.9249999999999999
pca_logistic_regression,8,13,0.9285714285714286,0.75,1.0,0.8571428571428571,0.9090909090909091
pca_logistic_regression,8,14,0.8461538461538461,0.6,1.0,0.75,0.9333333333333333
pca_logistic_regression,8,15,0.6153846153846154,0.3333333333333333,0.6666666666666666,0.4444444444444444,0.7
pca_logistic_regression,8,16,0.8571428571428571,0.6666666666666666,1.0,0.8,0.875
pca_logistic_regression,8,17,0.6428571428571429,0.4,0.5,0.4444444444444444,0.675
pca_logistic_regression,8,18,0.7857142857142857,0.5,0.6666666666666666,0.5714285714285714,0.9393939393939393
pca_logistic_regression,8,19,0.7692307692307693,0.5,0.6666666666666666,0.5714285714285714,0.8333333333333334
pca_logistic_regression,8,20,0.7692307692307693,0.5,0.6666666666666666,0.5714285714285714,0.8999999999999999
pca_logistic_regression,8,21,0.8571428571428571,1.0,0.5,0.6666666666666666,0.9249999999999999
pca_logistic_regression,8,22,0.8571428571428571,0.75,0.75,0.75,0.8
pca_logistic_regression,8,23,0.5714285714285714,0.2857142857142857,0.6666666666666666,0.4,0.7878787878787878
pca_logistic_regression,8,24,0.9230769230769231,0.75,1.0,0.8571428571428571,1.0
pca_logistic_regression,8,25,0.8461538461538461,0.6,1.0,0.75,1.0
pca_logistic_regression,8,26,0.8571428571428571,0.75,0.75,0.75,0.85
pca_logistic_regression,8,27,0.9285714285714286,0.8,1.0,0.8888888888888888,1.0
pca_logistic_regression,8,28,0.5714285714285714,0.2857142857142857,0.6666666666666666,0.4,0.7272727272727272
pca_logistic_regression,8,29,0.8461538461538461,0.6,1.0,0.75,0.9333333333333333
pca_logistic_regression,8,30,0.6923076923076923,0.3333333333333333,0.3333333333333333,0.3333333333333333,0.6666666666666666
pca_logistic_regression,8,31,0.9285714285714286,0.8,1.0,0.8888888888888888,0.9750000000000001
pca_logistic_regression,8,32,0.7142857142857143,0.5,0.5,0.5,0.65
pca_logistic_regression,8,33,0.5714285714285714,0.2857142857142857,0.6666666666666666,0.4,0.6363636363636364
pca_logistic_regression,8,34,0.8461538461538461,0.6666666666666666,0.6666666666666666,0.6666666666666666,0.7666666666666666
pca_logistic_regression,8,35,0.7692307692307693,0.5,1.0,0.6666666666666666,0.8666666666666667
pca_logistic_regression,8,36,0.7857142857142857,0.5714285714285714,1.0,0.7272727272727273,0.875
pca_logistic_regression,8,37,0.6428571428571429,0.42857142857142855,0.75,0.5454545454545454,0.75
pca_logistic_regression,8,38,0.8571428571428571,0.6666666666666666,0.6666666666666666,0.6666666666666666,0.8484848484848484
pca_logistic_regression,8,39,0.7692307692307693,0.5,0.6666666666666666,0.5714285714285714,0.9333333333333333
pca_logistic_regression,8,40,0.9230769230769231,1.0,0.6666666666666666,0.8,0.8999999999999999
pca_logistic_regression,8,41,0.8571428571428571,0.6666666666666666,1.0,0.8,0.9500000000000001
pca_logistic_regression,8,42,0.7857142857142857,0.6666666666666666,0.5,0.5714285714285714,0.8999999999999999
pca_logistic_regression,8,43,0.9285714285714286,0.75,1.0,0.8571428571428571,0.9696969696969697
pca_logistic_regression,8,44,0.6923076923076923,0.4,0.6666666666666666,0.5,0.7333333333333334
pca_logistic_regression,8,45,0.8461538461538461,0.6,1.0,0.75,1.0
pca_logistic_regression,8,46,0.7857142857142857,0.6,0.75,0.6666666666666666,0.9
pca_logistic_regression,8,47,0.5714285714285714,0.4,1.0,0.5714285714285714,0.875
pca_logistic_regression,8,48,0.9285714285714286,1.0,0.6666666666666666,0.8,0.9393939393939393
pca_logistic_regression,8,49,0.7692307692307693,0.5,0.3333333333333333,0.4,0.7666666666666666
pca_logistic_regression,8,50,0.7692307692307693,0.5,0.3333333333333333,0.4,0.8666666666666666
