Arrest Number,Race,Ethnicity,Sex,Age,Arrest Date,Arrest Time,Arrest Type,UCR Code,Description,F/M,Counts,Location of Arrest,X,Y,District,Beat,Tract
330974,B,N,M,30,6/13/22,10:52:00AM,On-View,13B,ASSAULT LAW ENFORCEMENT OR STATE OFFICER,M,1,1100 WABASH ST,2033309.899,810144.1903,D4,413,1400
341515,B,N,M,49,10/22/23, 8:29:00PM,On-View,90Z,RESIST DELAY OBSTRUCT PUBLIC OFFICER,M,1,1800 HOLLOWAY ST,2038534.781,816094.9628,D1,114,1002
834097,B,N,M,33,8/3/24, 3:12:00AM,Warrant/OFA,9910,WARRANT SERVICE FOR OTHER JURISDICTION,,1,4800 GARRETT RD,2008382.041,801879.1316,D3,323,2018
318511,B,N,F,26,5/29/20, 2:41:00PM,Warrant/OFA,23H,LARCENY (MISDEMEANOR),M,1,ARCHDALE DR/MARTIN LUTHER KING JR PKWY,2019926.029,803397.3985,D3,322,2007
319823,W,N,F,24,9/3/20, 7:31:00PM,Warrant/OFA,9910,WARRANT SERVICE FOR OTHER JURISDICTION,M,1,600 E MAIN ST,2031319.043,815457.4287,D5,513,1100
327778,A,N,F,28,1/16/22, 3:52:00PM,On-View,13B,SIMPLE ASSAULT & BATTERY OR AFFRAY,M,1,1200 CAPSTONE DR,2018742.612,772303.5234,D4,422,2020
317983,B,N,F,53,4/28/20, 5:12:00AM,On-View,90Z,RESIST DELAY OBSTRUCT PUBLIC OFFICER,M,1,300 E LAWSON ST,2028631.77,810368.5665,D4,411,1303
307193,B,N,F,45,10/15/18,10:05:00AM,On-View,35A,MAINTAIN DWELLING/VEH FOR CONTROLLED SUBSTANCE,F,1,500 S DUKE ST,2026814.379,817067.3752,D5,512,700
836302,B,,F,33,10/30/24,10:38:00AM,Warrant/OFA,13B,DOMESTIC VIOLENCE,M,1,3600 N DUKE ST,2028118.03,836660.2571,D2,223,1710
328112,B,N,M,19,2/8/22, 7:34:00PM,On-View,520,CARRYING CONCEALED WEAPONS,M,1,300 S ELM ST,2031736.678,814355.1888,D5,513,1100
341768,B,N,F,25,11/9/23, 3:42:00PM,Warrant/OFA,9910,WARRANT SERVICE FOR OTHER JURISDICTION,M,1,3700 MT MORIAH RD,2002052.457,800659.0966,D3,323,2018
328231,W,N,M,65,2/16/22,11:03:00AM,Warrant/OFA,90Z,FAIL TO APPEAR-CRIMINAL SUMMONS OR CITATION,M,1,700 NINTH ST,2022965.7,821722.9911,D5,511,402
334340,W,H,M,20,1/19/23,11:16:00PM,Summons/Cited,35A,POSSESS CONTROL SUBSTANCE SCHEDULE VI,M,1,2300 WHITLEY DR,2023150.353,809135.9168,D3,311,700
310402,B,N,M,25,4/4/19, 9:11:00AM,Warrant/OFA,90Z,FAIL TO APPEAR-RELEASE ORDER,M,1,200 S MANGUM ST,2029489.438,816282.1815,D5,512,2300
332567,B,N,M,29,9/28/22,10:39:00PM,Warrant/OFA,13A,ASSAULT INFLICT SERIOUS INJURY OR AWDW,M,1,900 WADESBORO ST,2044560.712,809974.0183,D1,114,1802
319199,B,N,M,20,3/7/20, 1:00:00AM,On-View,90Z,CONSPIRACY TO COMMIT FELONY,F,2,1500 LANTERN PL,2034693.148,805713.6404,D4,413,2009
833650,B,N,M,59,7/7/24, 9:42:00PM,On-View,520,CARRYING CONCEALED WEAPONS,M,1,GLENDALE AVE/N DUKE ST,2027888.261,830078.4976,D2,213,102
326409,B,N,M,35,10/2/21, 7:34:00AM,Warrant/OFA,13B,ASSAULT ON FEMALE,M,1,2900 ROCHELLE ST,2044682.937,814712.3932,D1,123,1802
832809,W,H,M,42,5/9/24, 8:54:00PM,Warrant/OFA,13A,ASSAULT WITH DEADLY WEAPON WITH INTENT TO KILL ISI,F,3,600 E MAIN ST,2031298.703,815465.9411,D5,513,1100
332773,B,N,M,21,10/12/22, 5:03:00PM,On-View,90Z,CONSPIRACY TO COMMIT FELONY,F,1,1500 ROBINHOOD RD,2037049.477,819035.9083,D1,122,1002
316350,B,N,M,33,1/12/20, 6:38:00PM,Warrant/OFA,9910,WARRANT SERVICE FOR OTHER JURISDICTION,,1,200 S MANGUM ST,2029469.035,816371.2378,D5,512,2300
836066,B,N,M,48,5/4/23,11:17:00AM,On-View,13B,ASSAULT ON FEMALE,M,1,200 S MANGUM ST,2029460.459,816306.3393,D5,512,2300
342279,W,N,M,39,12/19/23, 8:03:00PM,On-View,90Z,RESIST DELAY OBSTRUCT PUBLIC OFFICER,M,1,1300 MARNE AVE,2021910.57,840103.0423,D2,222,1710
317416,B,N,M,22,3/4/20,11:13:00AM,Warrant/OFA,9910,WARRANT SERVICE FOR OTHER JURISDICTION,,1,200 S MANGUM ST,2029167.149,816521.4844,D5,512,2300
337378,B,N,M,35,5/27/23, 1:26:00PM,Warrant/OFA,13A,ASSAULT INFLICT SERIOUS INJURY OR AWDW,M,1,100 N HOLMAN ST,2033610.841,814321.9225,D1,113,1100
313919,W,H,M,31,9/17/19, 2:30:00PM,Warrant/OFA,90Z,FAIL TO APPEAR-CRIMINAL SUMMONS OR CITATION,M,1,HILTON AVE/UNIVERSITY DR,2023538.196,810342.4633,D3,311,600
330630,B,N,M,23,5/19/22, 4:39:00PM,On-View,520,CARRYING CONCEALED WEAPONS,M,1,HOLLOWAY ST/N HOOVER RD,2041617.974,815550.5346,D1,122,1802
836906,W,H,M,25,12/13/24,10:12:00PM,Warrant/OFA,90Z,FAIL TO APPEAR-RELEASE ORDER,M,1,2900 ROCHELLE ST,2044993.679,814996.4069,D1,123,1802
310185,W,N,F,20,3/25/19, 1:53:00AM,Warrant/OFA,9910,WARRANT SERVICE FOR OTHER JURISDICTION,M,1,200 S MANGUM ST,2029364.081,816375.6202,D5,512,2300
336082,B,N,F,38,3/3/23,12:42:00AM,On-View,9914,DRIVE WHILE LICENSE REVOKED NOT IMPAIRED REV BASED,M,1,1100 N GUTHRIE AVE,2037094.144,817639.6241,D1,112,1002
835501,W,H,M,27,9/2/24, 1:00:00AM,On-View,13B,DOMESTIC VIOLENCE,M,1,1700 HILLCREST DR,2024558.784,827093.6634,D2,212,301
324634,B,N,M,53,6/1/21, 8:50:00PM,On-View,13A,ASSAULT BY STRANGULATION INFLICT PHYSICAL INJURY,F,1,300 S LASALLE ST,2015933.568,824582.1647,D3,313,1502
343789,B,N,M,20,1/26/24, 1:45:00PM,Summons/Cited,35A,POSSESS MARIJUANA UP TO 1/2 OZ,M,1,DURHAM CHAPEL HILL BLVD/WEYMOUTH ST,2014856.98,808566.4654,D3,321,2015
311837,W,H,M,22,6/12/19, 3:52:00AM,Warrant/OFA,13B,ASSAULT ON FEMALE,M,1,200 S MANGUM ST,2029497.108,816387.7468,D5,512,2300
314483,B,N,M,19,10/14/19, 5:37:00PM,On-View,23H,LARCENY (MISDEMEANOR),M,1,5600 WHISPERWOOD DR,2029397.263,775806.9298,D4,422,2013
321664,W,N,M,50,1/16/21,10:34:00AM,Summons/Cited,23H,LARCENY (MISDEMEANOR),M,1,5000 NC 55 HWY,2029721.397,781362.6039,D4,422,2027
835945,B,N,M,34,10/5/24, 9:14:00PM,Warrant/OFA,90Z,PROBATION VIOLATION,M,2,500 E CARVER ST,2031944.089,834745.1905,D2,223,1709
320204,B,N,F,29,10/2/20,11:04:00PM,Warrant/OFA,13C,COMMUNICATING THREATS,M,1,2100 ANGIER AVE,2036482.2,812021.8096,D1,113,1001
307946,B,N,M,23,11/28/18, 5:03:00PM,Summons/Cited,90D,DRIVING WHILE IMPAIRED,M,1,2600 CHAPEL HILL RD,2019272.301,811074.8807,D3,314,600
334649,B,N,M,26,1/19/23, 1:55:00PM,Warrant/OFA,9914,FELONY DEATH BY VEHICLE,F,2,200 S MANGUM ST,2029260.811,816678.2235,D5,512,2300
334327,B,N,F,26,1/19/23, 3:16:00PM,Warrant/OFA,9910,WARRANT SERVICE FOR OTHER JURISDICTION,,1,3300 DURHAM CHAPEL HILL BLVD,2016455.257,808670.546,D3,314,2015
324290,W,N,F,39,5/9/21, 8:00:00PM,On-View,35A,POSSESS CONTROL SUBSTANCE SCHEDULE II,F,1,2100 NC 54 HWY E,2031177.051,783184.5762,D4,422,2027
320070,B,N,M,23,9/24/20, 6:35:00PM,Warrant/OFA,13A,DISCHARING FIREARM INTO OCCUPIED PROPERTY,F,1,RIDGEWAY AVE/WABASH ST,2033020.671,809889.7004,D4,413,1400
319127,B,N,M,21,7/17/20, 3:07:00PM,On-View,13B,SIMPLE ASSAULT & BATTERY OR AFFRAY,M,1,4200 DELBERT AVE,2022322.698,840014.0724,D2,222,1710
341818,B,,M,55,11/13/23,10:19:00PM,Warrant/OFA,9910,WARRANT SERVICE FOR OTHER JURISDICTION,M,1,2900 S MIAMI BLVD,2046159.557,791510.8023,D4,423,2028
836773,B,N,F,34,12/3/24, 2:18:00PM,Warrant/OFA,90Z,TRUE BILL OF INDICTMENT,F,1,8000 RENAISSANCE PKWY,2016366.879,784274.7341,D3,324,2021
321528,W,N,M,33,1/8/21, 6:55:00AM,Warrant/OFA,9910,WARRANT SERVICE FOR OTHER JURISDICTION,F,1,3000 S MIAMI BLVD,2045681.119,791536.2085,D4,423,2028
313638,B,N,M,57,9/5/19, 1:03:00AM,Warrant/OFA,23H,LARCENY (MISDEMEANOR),M,1,RAILROAD ST/EVA ST,2032540.402,816641.7065,D1,111,1100
311011,W,N,M,33,5/5/19, 7:57:00AM,Warrant/OFA,90Z,FAIL TO APPEAR-RELEASE ORDER,M,1,5100 COPPER RIDGE DR,2010677.483,788386.7377,D3,324,2019
836132,W,,M,35,10/19/24,11:10:00PM,On-View,35A,POSSESS CONTROL SUBSTANCE SCHEDULE II,F,3,8000 MACKENZIE CT,2012506.797,781808.7447,D3,324,2021
324824,W,H,M,26,6/14/21, 3:46:00AM,On-View,23F,"B&E-VEHICLE, RR CARS, OTHER MOTOR VEHICLES",F,1,300 JACKSON ST,2027460.741,817254.4362,D5,511,700
321796,W,H,M,25,1/24/21, 5:33:00AM,Warrant/OFA,13A,ASSAULT INFLICT SERIOUS INJURY OR AWDW,M,1,3800 GUESS RD,2020274.518,840704.9395,D2,221,1711
832774,B,U,M,75,4/4/24, 3:15:00PM,Summons/Cited,90Z,SEXUAL BATTERY,M,1,4200 N ROXBORO ST,2028776.174,837199.6318,D2,223,1709
329766,W,H,M,23,3/23/22, 9:15:00AM,Warrant/OFA,90Z,FAIL TO APPEAR-RELEASE ORDER,M,1,200 S MANGUM ST,2029482.877,816291.6202,D5,512,2300
308320,B,N,F,52,12/21/18,10:52:00AM,On-View,270,EMBEZZLEMENT PROP. REC. BY VIRTUE OF OFFICE/EMPLOYMENT,F,1,3300 WESTGATE DR,2011280.015,807106.8184,D3,321,2016
319533,B,N,M,28,8/12/20,11:05:00PM,On-View,35A,POSSESS WITM/S/D CONTROLL SUBSTANCE SCHEDULE VI,F,1,LIBERTY ST/N ELIZABETH ST,2032300.184,816377.1537,D1,111,1100
325999,B,N,M,33,9/8/21,11:20:00PM,Warrant/OFA,13C,STALKING,M,1,200 S MANGUM ST,2029190.829,816630.4541,D5,512,2300
307010,B,N,M,23,10/1/18,11:00:00AM,On-View,90Z,RESIST DELAY OBSTRUCT PUBLIC OFFICER,M,1,200 S MANGUM ST,2029488.193,816378.9063,D5,522,2300
341038,W,H,M,25,9/16/23,11:21:00AM,On-View,90G,TRANSPORTING OPEN CONTAINER,M,1,HOLLOWAY ST/N MIAMI BLVD,2038664.459,816363.0427,D1,122,1002
324649,W,,M,39,5/24/21, 6:51:00PM,Summons/Cited,23C,CONCEALMENT OF MERCHANDISE,M,1,6900 FAYETTEVILLE RD,2018199.995,783687.359,D3,324,2021
336329,B,N,F,25,3/15/23, 9:02:00PM,Warrant/OFA,9910,WARRANT SERVICE FOR OTHER JURISDICTION,,1,200 S MANGUM ST,2029372.951,816298.3906,D5,512,2300
337533,B,N,M,36,6/5/23, 2:17:00PM,Warrant/OFA,9910,WARRANT SERVICE FOR OTHER JURISDICTION,M,1,700 S PLUM ST,2033453.302,810337.9772,D4,413,1400
832511,W,H,F,29,4/20/24, 2:48:00AM,On-View,13B,DOMESTIC VIOLENCE,M,1,900 FISKE ST,2037347.613,817523.9899,D1,112,1002
833232,B,,M,41,6/8/24, 9:40:00AM,Warrant/OFA,90Z,FAIL TO APPEAR-CRIMINAL SUMMONS OR CITATION,M,1,4000 N ROXBORO ST,2029153.648,835584.2695,D2,223,1709
833459,B,N,M,21,6/17/24, 5:12:00PM,On-View,520,CARRYING CONCEALED WEAPONS,M,1,3000 CASTLE LOCH LN,2065064.917,805592.4635,D1,124,1900
317739,W,N,M,51,4/8/20, 3:32:00PM,Warrant/OFA,250,FORGERY OR POSSESS COUNTERFEIT INSTRUMENTS,F,1,1500 GLENN SCHOOL RD,2045966.329,829214.9047,D1,121,1801
344032,B,N,F,28,2/13/24, 7:37:00PM,Warrant/OFA,13B,DOMESTIC VIOLENCE,M,1,200 S MANGUM ST,2029351.668,816296.8668,D5,512,2300
336256,B,N,M,51,3/11/23, 3:39:00PM,Warrant/OFA,23H,LARCENY (MISDEMEANOR),M,1,8200 RENAISSANCE PKWY,2012789.765,783442.9561,D3,324,2021
833410,B,N,M,55,6/21/24, 7:43:00PM,Warrant/OFA,23H,LARCENY (MISDEMEANOR),M,1,4000 DURHAM CHAPEL HILL BLVD,2012137.398,806716.975,D3,314,2015
331232,B,N,M,27,6/30/22, 3:55:00AM,On-View,90Z,RESIST DELAY OBSTRUCT PUBLIC OFFICER,M,1,3100 SHANNON RD,2013521.419,806926.3663,D3,314,2015
836687,B,N,M,40,11/27/24, 2:16:00AM,On-View,220,BREAKING AND ENTERING BUILDING  (FELONY),F,1,3500 WITHERSPOON BLVD,2003117.204,801329.8669,D3,323,2018
311514,W,N,F,29,5/28/19, 3:04:00PM,Warrant/OFA,9910,WARRANT SERVICE FOR OTHER JURISDICTION,,1,200 S MANGUM ST,2029461.734,816278.9611,D5,512,2300
320336,B,N,M,36,10/12/20, 9:44:00AM,Warrant/OFA,13B,ASSAULT ON FEMALE,M,1,500 S DILLARD ST,2029086.582,816026.6317,D5,512,2300
832695,W,N,M,22,5/3/24, 9:22:00AM,Warrant/OFA,9910,WARRANT SERVICE FOR OTHER JURISDICTION,,1,200 S MANGUM ST,2029460.212,816375.1702,D5,512,2300
343870,B,N,F,19,2/2/24, 2:55:00PM,Warrant/OFA,26B,FINANCIAL TRANSACTION CARD - FRAUDULENT USE,F,1,3300 DURHAM CHAPEL HILL BLVD,2016551.348,808751.588,D3,314,2015
314936,B,N,F,26,11/5/19, 1:06:00PM,Warrant/OFA,9910,WARRANT SERVICE FOR OTHER JURISDICTION,,1,200 S MANGUM ST,2029393.177,816303.4644,D5,512,2300
312343,B,N,F,25,7/7/19,11:41:00PM,Warrant/OFA,120,ROBBERY WITH FIREARMS OR OTHER DANGEROUS WEAPONS,F,1,2000 N ROXBORO ST,2032629.618,825035.7377,D2,214,101
315662,W,H,M,28,12/10/19, 5:07:00PM,Warrant/OFA,90Z,INTERFERING WITH EMERGENCY COMMUNICATION,M,1,300 N DRIVER ST,2036211.008,814596.032,D1,113,1001
339352,W,H,M,40,8/1/23, 8:37:00PM,Warrant/OFA,9910,WARRANT SERVICE FOR OTHER JURISDICTION,,1,1400 AVONDALE DR,2034196.831,820856.5744,D1,112,200
320624,B,N,F,27,11/1/20,11:48:00PM,Warrant/OFA,90Z,CONSPIRACY TO COMMIT MISDEMEANOR,M,1,200 S MANGUM ST,2029080.181,816517.4062,D5,512,2300
324076,W,H,M,25,4/25/21, 4:45:00PM,On-View,13B,ASSAULT ON FEMALE,M,1,2100 BROAD ST,2025805.431,829146.5241,D2,213,102
309483,B,N,M,33,2/19/19, 5:37:00PM,Warrant/OFA,13A,ASSAULT WITH DEADLY WEAPON WITH INTENT TO KILL ISI,F,1,100 DENVER AVE,2035356.976,833227.979,D2,214,1709
319237,B,N,M,27,7/23/20, 5:21:00PM,On-View,9914,HIT AND RUN (MISDEMEANOR),M,1,W LAKEWOOD AVE/BLACKWELL ST,2027644.099,814393.2994,D4,411,2300
327125,B,N,M,35,11/21/21, 4:58:00PM,Warrant/OFA,13B,ASSAULT ON FEMALE,M,2,100 S BRIGGS AVE,2036958.375,813750.9097,D1,113,1001
310010,B,N,M,36,3/15/19, 7:36:00PM,On-View,26A,OBTAINING PROPERTY BY FALSE PRETENSES,F,1,600 WILLARD ST,2027772.471,816653.1406,D5,511,700
342545,B,N,F,34,1/11/24, 4:23:00AM,On-View,520,POSSESSION OF FIREARMS  ETC BY FELON PROHIBITED,F,1,SLATER RD/S MIAMI BLVD,2044361.528,776169.4905,D4,423,2028
334112,B,N,M,28,1/6/23,11:50:00AM,Warrant/OFA,9914,SPEED TO ELUDE ARREST,F,1,200 S MANGUM ST,2029348.671,816269.008,D5,512,2300
833108,B,,F,45,6/2/24, 6:50:00PM,Warrant/OFA,9910,WARRANT SERVICE FOR OTHER JURISDICTION,M,1,200 S MANGUM ST,2029357.47,816401.6402,D5,512,2300
307594,B,N,M,45,11/8/18,10:39:00AM,Warrant/OFA,520,POSSESSION OF FIREARMS  ETC BY FELON PROHIBITED,F,1,200 S MANGUM ST,2029479.659,816303.8409,D5,522,2300
326181,B,N,M,40,9/20/21, 9:12:00AM,Warrant/OFA,90Z,FORGE OR FALSIFY DOCUMENTATION-SEX OFFENDER,F,1,2000 AVONDALE DR,2034078.595,824412.8494,D2,214,101
308960,B,N,M,44,1/9/19,12:27:00PM,Warrant/OFA,290,INJURY TO PERSONAL PROPERTY,M,1,3900 N ROXBORO ST,2029251.533,834486.6479,D2,223,102
833207,W,,M,22,6/6/24,10:10:00PM,Warrant/OFA,90Z,FAIL TO APPEAR-RELEASE ORDER,M,1,/,0,0,,,
341650,W,N,M,25,11/1/23,12:56:00PM,Warrant/OFA,9914,CARELESS AND RECKLESS DRIVING,M,1,200 S MANGUM ST,2029462.263,816390.9575,D5,512,2300
319334,W,N,M,29,7/30/20,10:08:00AM,Warrant/OFA,13B,ASSAULT ON FEMALE,M,1,200 S MANGUM ST,2029472.053,816402.8414,D5,512,2300
311237,B,N,M,38,5/15/19, 1:31:00AM,Warrant/OFA,90Z,FAIL TO APPEAR-CRIMINAL SUMMONS OR CITATION,M,1,N DUKE ST/W CARVER ST,2027780.117,833649.616,D2,222,102
307250,B,N,M,17,10/17/18, 7:35:00PM,On-View,520,POSSESSION OF FIREARMS  ETC BY FELON PROHIBITED,F,1,800 LIBERTY ST,2033565.709,816172.5276,D1,112,1100
331246,B,N,F,33,6/30/22, 9:15:00PM,Warrant/OFA,26A,OBTAINING PROPERTY BY FALSE PRETENSES,F,1,200 S MANGUM ST,2029370.853,816386.757,D5,512,2300
307414,B,N,M,22,10/26/18,10:17:00AM,On-View,9914,DRIVE WHILE LICENSE REVOKED NOT IMPAIRED REV BASED,M,1,UNIVERSITY DR/IVY CREEK BLVD,2010636.226,804237.468,D3,323,2016
321831,B,N,M,38,1/26/21, 5:28:00PM,On-View,9910,WARRANT SERVICE FOR OTHER JURISDICTION,M,1,5300 NC 55 HWY,2030300.733,779273.7117,D4,422,2027
310598,B,N,F,19,4/13/19, 4:57:00PM,Warrant/OFA,23H,LARCENY (MISDEMEANOR),M,1,300 JUNCTION RD,2043177.812,816600.47,D1,123,1802
331218,W,N,M,43,6/29/22, 2:56:00PM,On-View,90D,DRIVING WHILE IMPAIRED,M,1,GUESS RD/PRISON CAMP RD,2020665.016,841827.4424,D2,221,1711
340845,B,N,M,43,9/3/23,10:38:00AM,Summons/Cited,90Z,LITTERING,M,1,1000 N MIAMI BLVD,2038960.135,816560.8363,D1,122,1002
833964,B,N,F,25,7/26/24,12:51:00PM,On-View,26A,OBTAINING PROPERTY BY FALSE PRETENSES,F,1,ROANOKE ST/ROYAL DR,2037643.453,829400.8412,D2,214,1801
344180,B,N,F,18,2/25/24, 5:25:00PM,Warrant/OFA,9910,WARRANT SERVICE FOR OTHER JURISDICTION,,1,4500 EMERALD FOREST DR,2027918.609,784006.1001,D4,421,2027
309696,B,N,M,38,3/1/19, 5:07:00PM,Warrant/OFA,90Z,FAIL TO APPEAR-RELEASE ORDER,M,1,1300 HEARTHSIDE ST,2033673.567,807187.8596,D4,413,2009
309709,B,N,F,22,3/1/19,12:52:00PM,On-View,90Z,FAIL TO APPEAR-RELEASE ORDER,M,1,200 S MANGUM ST,2029475.474,816289.1391,D5,512,2300
317142,W,N,M,34,2/19/20, 2:36:00PM,Warrant/OFA,26A,OBTAINING PROPERTY BY FALSE PRETENSES,F,1,1000 BYRAM RD,2059133.403,806743.9318,D1,124,1808
344468,B,,M,40,3/21/24, 3:25:00PM,On-View,35B,POSSESSION OF DRUG PARAPHERNALIA,M,1,3700 WIGGINS ST,2034147.595,833744.7616,D2,223,1709
336065,B,N,M,57,3/2/23, 4:56:00PM,Warrant/OFA,290,INJURY TO PERSONAL PROPERTY,M,1,200 S MANGUM ST,2029364.915,816362.362,D5,512,2300
344431,W,H,F,19,3/19/24, 9:06:00AM,Warrant/OFA,270,EMBEZZLEMENT PROP. REC. BY VIRTUE OF OFFICE/EMPLOYMENT,F,1,200 S MANGUM ST,2029470.431,816381.1414,D5,512,2300
344528,B,,M,19,3/25/24, 2:50:00AM,On-View,280,POSSESSING STOLEN GOODS,M,1,3600 UNIVERSITY DR,2015102.438,806210.814,D3,314,2015
308534,B,N,M,47,1/3/19, 5:30:00PM,Warrant/OFA,9910,WARRANT SERVICE FOR OTHER JURISDICTION,,1,2900 CHAPEL HILL RD,2017973.929,808137.1309,D3,314,2015
318623,B,N,M,18,6/5/20, 9:41:00PM,On-View,35A,POSSESS CONTROL SUBSTANCE SCHEDULE VI,M,1,1100 UNIVERSITY DR,2026910.798,814086.2918,D4,411,700
320191,B,N,M,18,10/1/20, 5:50:00PM,On-View,90Z,CONSPIRACY TO COMMIT FELONY,F,1,300 JUNCTION RD,2043300.703,816471.2699,D1,123,1802
316393,B,,M,25,1/14/20, 9:16:00AM,Summons/Cited,23H,LARCENY (MISDEMEANOR),M,1,5200 MCFARLAND DR,2002566.485,800441.6095,D3,323,2018
320941,B,N,M,29,11/24/20, 6:52:00AM,Warrant/OFA,90Z,RESIST DELAY OBSTRUCT PUBLIC OFFICER,M,1,2300 ERWIN RD,2018631.803,821858.2424,D3,312,1501
311575,B,N,M,51,5/30/19, 1:44:00PM,Warrant/OFA,23H,LARCENY (MISDEMEANOR),M,1,LIBERTY ST/N ALSTON AVE,2033795.273,816368.1218,D1,113,1100
309829,B,N,M,33,3/7/19,10:49:00PM,On-View,90Z,FAIL TO APPEAR-RELEASE ORDER,M,1,200 N BLACKNALL ST,2034070.123,814704.3506,D1,113,1001
341572,W,H,F,24,10/27/23, 6:13:00AM,Summons/Cited,9914,NO OPERATOR LICENSE,M,1,E CLUB BLVD/N ROXBORO ST,2032622.029,826157.7737,D2,213,101
336932,B,N,F,26,4/26/23, 2:05:00PM,On-View,520,CARRYING CONCEALED WEAPONS,M,1,GUESS RD/SOVEREIGN ST,2022446.995,829015.5136,D2,211,401
331767,B,N,M,19,8/6/22, 4:25:00PM,On-View,35A,POSSESS CONTROL SUBSTANCE SCHEDULE II,M,1,400 DOWD ST,2032154.467,818944.1575,D1,111,900
316257,B,U,M,28,1/8/20, 4:25:00PM,Warrant/OFA,90Z,CONSPIRACY TO COMMIT FELONY,F,1,600 E MAIN ST,2031194.814,815528.4509,D5,513,1100
320004,B,N,F,22,7/17/20, 9:46:00PM,Warrant/OFA,90Z,UNAUTHORIZED USE OF MOTOR VEHICLE,M,1,S ROXBORO ST/DUNSTAN AVE,2028087.162,811827.184,D4,411,1301
310051,B,N,M,44,3/17/19, 7:50:00AM,Warrant/OFA,23C,CONCEALMENT OF MERCHANDISE,M,1,N ELM ST/LIBERTY ST,2033421.279,816247.6245,D1,111,1100
342111,B,,M,37,11/22/23,10:46:00PM,Warrant/OFA,13B,ASSAULT ON FEMALE,M,1,26100 ROSE GARDEN LN,2004772.336,799867.7328,D3,323,2018
330072,B,N,M,25,4/13/22, 2:06:00PM,Warrant/OFA,13C,COMMUNICATING THREATS,M,1,HOLLOWAY ST/N HYDE PARK AVE,2035059.857,817003.0008,D1,112,1001
325152,B,N,M,26,7/7/21, 6:00:00PM,Warrant/OFA,520,POSSESSION OF FIREARMS  ETC BY FELON PROHIBITED,F,1,2500 SHIRLEY ST,2017777.25,823362.3683,D3,313,1502
315251,B,N,M,32,11/19/19, 9:34:00PM,On-View,520,CARRYING CONCEALED WEAPONS,M,1,1000 N MIAMI BLVD,2038934.154,816472.8914,D1,122,1002
341983,B,N,M,24,11/24/23, 2:14:00PM,Warrant/OFA,90Z,FAIL TO APPEAR-CRIMINAL SUMMONS OR CITATION,M,1,200 S MANGUM ST,2029380.872,816396.9992,D5,513,2300
317839,W,N,M,76,4/15/20, 1:44:00PM,Summons/Cited,23C,SHOPLIFTING,M,1,1500 GLENN SCHOOL RD,2045929.782,829303.9705,D1,121,1801
309796,W,N,M,48,3/6/19, 5:53:00PM,On-View,290,INJURY TO PERSONAL PROPERTY,M,1,3100 TOWER BLVD,2012575.607,808644.1594,D3,321,2015
336772,B,N,M,41,4/16/23,12:08:00AM,Warrant/OFA,90Z,FAIL TO APPEAR-RELEASE ORDER,F,1,200 S MANGUM ST,2029458.804,816398.3804,D5,512,2300
344245,W,H,M,21,3/2/24, 3:00:00AM,On-View,520,DISCHARGING WEAPONS GENERALLY,M,1,700 E RAMSEUR ST,2030963.769,815036.956,D5,513,1100
835754,W,H,M,20,9/21/24, 2:51:00PM,On-View,13B,ASSAULT ON FEMALE,M,1,1300 CHERRYCREST DR,2023443.25,838847.3997,D2,222,1711
321900,B,N,M,25,2/1/21,12:47:00PM,Warrant/OFA,9910,WARRANT SERVICE FOR OTHER JURISDICTION,F,1,200 N MANGUM ST,2029513.412,817303.4684,D5,512,2200
311743,W,N,M,38,6/7/19,12:21:00PM,Warrant/OFA,13B,SIMPLE ASSAULT & BATTERY OR AFFRAY,M,1,200 S MANGUM ST,2029359.637,816265.3061,D5,512,2300
337281,B,N,M,24,5/23/23, 7:09:00AM,Warrant/OFA,290,INJURY TO PERSONAL PROPERTY,M,1,200 S MANGUM ST,2029459.115,816376.0179,D5,512,2300
321525,B,N,M,28,1/8/21,12:01:00PM,Warrant/OFA,90Z,FAIL TO APPEAR-CRIMINAL SUMMONS OR CITATION,M,1,LIBERTY ST/EASTWAY AVE,2034661.085,816223.8048,D1,113,1001
327836,W,,M,35,1/20/22,10:50:00PM,On-View,13B,SIMPLE ASSAULT & BATTERY OR AFFRAY,M,1,1000 W MAIN ST,2026520.317,819092.782,D5,511,2200
321297,B,N,M,53,12/23/20, 1:30:00AM,Summons/Cited,90Z,STANDING SITTING AND WALKING ON MEDIAN GENERALLY PROHIBITED,M,1,S ROXBORO ST/E MAIN ST,2030043.525,816712.9273,D5,512,2200
315134,W,H,M,33,11/14/19, 3:57:00PM,Warrant/OFA,9910,WARRANT SERVICE FOR OTHER JURISDICTION,F,1,3300 DURHAM CHAPEL HILL BLVD,2016561.175,808736.6433,D3,314,2015
334318,B,N,M,25,1/19/23, 8:51:00AM,Summons/Cited,9914,DISPLAY/POSSESS FICTITIOUS/EXPIRED REGISTRATION PLATE,M,1,17600 I85 S,2027879.479,826591.2514,D2,213,102
309931,B,N,M,34,3/12/19,12:53:00PM,Summons/Cited,9914,CARELESS AND RECKLESS DRIVING,M,1,2300 ERWIN RD,2018572.459,821637.6377,D3,312,1501
314252,I,N,M,34,10/2/19, 1:55:00AM,Warrant/OFA,9910,WARRANT SERVICE FOR OTHER JURISDICTION,,1,200 S MANGUM ST,2029381.777,816305.1988,D5,512,2300
335925,B,N,M,46,2/18/23, 4:09:00PM,On-View,35A,POSSESS W/I/T M/S/D CONTROL SUBSTANCE SCHEDULE I,F,1,CHAPEL HILL RD/JACKSON ST,2023286.028,817219.1004,D3,312,500
320280,B,N,M,55,10/8/20, 8:26:00AM,Warrant/OFA,9910,WARRANT SERVICE FOR OTHER JURISDICTION,M,1,200 S MANGUM ST,2029073.555,816557.834,D5,512,2300
331297,B,N,M,23,7/2/22, 4:25:00PM,On-View,520,CARRYING CONCEALED WEAPONS,M,1,3700 FAYETTEVILLE ST,2027623.218,801952.1225,D4,415,2009
307804,B,N,M,34,11/20/18, 3:56:00PM,On-View,13B,ASSAULT ON FEMALE,M,1,1000 SIMMONS ST,2031994.684,812304.9912,D4,411,1400
316062,B,N,F,29,12/29/19, 1:16:00AM,On-View,13B,MALICIOUS CONDUCT BY PRISONER,F,2,1800 PRIMROSE PL,2031650.32,806475.1987,D4,412,2009
325648,B,N,M,35,8/11/21, 6:00:00PM,On-View,35B,POSSESSION OF DRUG PARAPHERNALIA,M,1,WORTH ST/N ELM ST,2033113.828,815001.5045,D1,111,1100
836127,W,H,M,18,10/18/24, 7:23:00PM,On-View,90Z,POSSESSION OF OPEN CONTAINERS OF CERTAIN ALCOHOLIC BEV,M,1,T W ALEXANDER DR/T W ALEXANDER RAMP TO I 885 S,2041612.298,791369.0752,,,9801
340908,W,H,M,34,9/3/23, 5:03:00PM,On-View,90D,DRIVING WHILE IMPAIRED,M,1,E CORNWALLIS RD/S ROXBORO ST,2023946.227,806243.267,D4,415,2009
836459,B,N,M,20,11/10/24, 3:51:00AM,Summons/Cited,90Z,MISUSE OF 911 SYSTEM,M,1,0 RIDGEWAY AVE,2033248.289,809771.7688,D4,413,1400
322072,B,N,F,47,2/13/21, 7:40:00PM,Summons/Cited,23H,LARCENY (MISDEMEANOR),M,1,6900 FAYETTEVILLE RD,2018071.599,783690.8513,D3,324,2021
318468,B,N,M,22,5/27/20, 2:26:00PM,On-View,35B,POSSESSION OF DRUG PARAPHERNALIA,M,1,1900 ATHENS AVE,2033205.373,806236.9408,D4,413,2009
834394,W,H,M,22,8/25/24, 3:12:00PM,Warrant/OFA,13B,DOMESTIC VIOLENCE,M,1,100 CASTLEROCK DR,2034083.053,797451.1694,D4,414,2026
307725,B,N,M,22,11/8/18, 5:17:00PM,On-View,35A,POSSESS CONTROL SUBSTANCE SCHEDULE II,F,1,1000 FAIRVIEW ST,2024424.557,815821.6617,D3,311,500
314722,B,N,M,55,10/25/19, 4:34:00PM,Warrant/OFA,26A,FAILURE TO RETURN HIRED PROPERTY,F,1,WASHINGTON ST/W TRINITY AVE,2028957.084,820967.3941,D5,511,200
343936,W,H,M,38,2/7/24, 6:24:00PM,Warrant/OFA,9910,WARRANT SERVICE FOR OTHER JURISDICTION,,1,200 S MANGUM ST,2029363.481,816279.4664,D5,512,2300
322950,W,N,M,54,4/18/21, 1:33:00PM,Warrant/OFA,90Z,CITY ORD NOT IN TABLE (MUST SPECIFY CHARGE IN NOTES),M,1,BROAD ST/GUESS RD,2024091.144,827416.4962,D2,211,401
333311,B,N,M,34,11/17/22, 8:22:00PM,Warrant/OFA,220,BREAKING AND ENTERING BUILDING  (FELONY),F,1,500 N MAPLE ST,2035400.033,815597.1294,D1,113,1001
334579,B,N,M,29,2/2/23, 1:43:00AM,On-View,35A,POSSESS WIT M/S/D CONTROL SUBSTANCE SCHEDULE II,F,1,2400 GLENBROOK DR,2036382.531,828197.7948,D2,214,101
316219,B,N,F,37,1/7/20, 2:20:00AM,On-View,220,BREAKING AND ENTERING BUILDING  (MISDEMEANOR),M,1,3800 DEARBORN DR,2033800.157,833188.9666,D2,223,1709
329992,B,N,F,56,4/7/22,10:28:00AM,Warrant/OFA,250,FORGERY OR POSSESS COUNTERFEIT INSTRUMENTS,F,1,200 S MANGUM ST,2029459.835,816266.3294,D5,512,2300
333484,B,N,F,23,11/28/22, 1:37:00PM,Warrant/OFA,290,INJURY TO PERSONAL PROPERTY,M,2,900 N MANGUM ST,2031344.785,820555.2893,D2,212,200
832799,B,N,M,48,5/9/24,11:36:00AM,Warrant/OFA,9910,WARRANT SERVICE FOR OTHER JURISDICTION,M,1,3300 DURHAM CHAPEL HILL BLVD,2016456.421,808753.7931,D3,314,2015
341719,B,N,M,41,11/7/23,12:02:00PM,Warrant/OFA,90Z,FAIL TO APPEAR-RELEASE ORDER,M,1,2100 HILLSBOROUGH RD,2022534.104,822472.8357,D5,511,402
320602,B,N,M,18,10/30/20, 7:44:00PM,Summons/Cited,35A,POSSESS MARIJUANA UP TO 1/2 OZ,M,1,DANUBE LN/OLD OXFORD RD,2033230.57,832166.2434,D2,223,1709
332883,B,N,M,32,10/21/22, 5:15:00PM,Warrant/OFA,9914,DRIVE WHILE LICENSE REVOKED IMPAIRED REV BASED,M,1,200 S MANGUM ST,2029361.603,816401.2724,D5,512,2300
325913,B,,M,27,8/25/21, 7:37:00AM,Warrant/OFA,13A,ASSAULT BY STRANGULATION INFLICT PHYSICAL INJURY,F,1,1100 MORELAND AVE,2023555.722,814885.8099,D3,311,500
831449,B,N,M,19,4/15/24, 5:08:00PM,Warrant/OFA,520,GO ARMED TO THE TERROR OF PEOPLE,M,1,200 S MANGUM ST,2029388.242,816363.4639,D5,512,2300
329933,B,N,M,36,4/3/22, 3:39:00PM,On-View,13B,ASSAULT ON FEMALE,M,1,500 WALTON ST,2046159.962,812276.7776,D1,123,1802
833361,B,N,M,41,6/18/24, 1:33:00PM,On-View,13B,DOMESTIC VIOLENCE,M,1,700 E MAIN ST,2031796.242,815463.0733,D5,513,1100
334494,B,,M,30,1/20/23,12:18:00PM,On-View,35A,SELL/DELIVER CONTROL SUBSTANCE SCHEDULE II,F,1,900 SCOUT DR,2028149.481,813648.8024,D4,411,2300
336724,B,N,F,25,4/12/23,10:25:00PM,Warrant/OFA,26A,OBTAINING PROPERTY BY FALSE PRETENSES,F,1,200 S MANGUM ST,2029490.95,816295.8216,D5,512,2300
330291,B,N,M,25,4/28/22, 4:05:00PM,On-View,13A,ASSAULT BY STRANGULATION INFLICT PHYSICAL INJURY,F,1,500 EDINBOROUGH DR,2045311.288,780805.1933,D4,423,2028
312947,B,N,M,35,8/3/19, 9:41:00AM,Summons/Cited,35A,POSSESS CONTROL SUBSTANCE SCHEDULE VI,M,1,MAPLEWOOD DR/DEARBORN DR,2038594.045,831124.5048,D2,214,1709
314183,B,N,M,19,9/26/19,12:55:00AM,On-View,90Z,RESIST DELAY OBSTRUCT PUBLIC OFFICER,M,1,2500 GUESS RD,2022555.827,828231.5605,D2,211,401
332878,W,H,M,35,10/20/22, 5:18:00PM,Warrant/OFA,23H,LARCENY (MISDEMEANOR),M,1,2000 HOLLOWAY ST,2039783.5,816050.2949,D1,122,1002
319299,B,N,M,25,7/28/20, 6:34:00AM,On-View,13B,SIMPLE ASSAULT & BATTERY OR AFFRAY,M,1,1100 RIDGEWAY AVE,2033020.136,809702.1434,D4,413,1400
343968,W,,F,32,2/9/24, 3:58:00PM,Summons/Cited,23H,LARCENY (MISDEMEANOR),M,1,1500 GLENN SCHOOL RD,2046034.796,829294.1927,D1,121,1801
325381,W,H,M,29,7/22/21, 3:29:00AM,On-View,9914,NO OPERATOR LICENSE,M,1,3700 MT MORIAH RD,2001726.505,800134.9609,D3,323,2018
326112,W,N,M,55,9/14/21,10:52:00PM,On-View,90J,TRESPASS (SECOND DEGREE),M,1,1500 BROAD ST,2023975.074,827408.5517,D2,211,401
333349,B,,M,29,11/20/22, 7:35:00PM,Warrant/OFA,13A,ASSAULT BY STRANGULATION INFLICT PHYSICAL INJURY,F,1,900 HOLLOWAY ST,2034257.197,817122.8592,D1,112,900
321783,B,N,F,20,1/7/21, 7:00:00PM,Summons/Cited,35A,POSSESS CONTROL SUBSTANCE SCHEDULE VI,M,1,SPRUCE ST/FERN ST,2035562.39,817520.066,D1,112,1001
833980,B,,F,52,7/27/24, 1:39:00PM,Summons/Cited,90J,TRESPASS (SECOND DEGREE),M,1,4700 NC 55 HWY,2030820.158,783312.1796,D4,422,2027
325209,W,N,F,47,7/11/21, 2:33:00AM,On-View,90Z,CONSPIRACY TO COMMIT FELONY,M,1,500 UNITED DR,2027608.872,796216.5899,D4,414,2025
310446,B,N,M,50,4/5/19,12:44:00AM,Warrant/OFA,280,POSSESSING STOLEN GOODS,F,1,300 NORTHWOOD CIR,2030057.938,820154.5033,D2,212,2200
314552,B,N,F,49,10/17/19, 1:56:00PM,Warrant/OFA,9910,WARRANT SERVICE FOR OTHER JURISDICTION,,1,1000 N MIAMI BLVD,2038932.381,816464.6328,D1,122,1002
316843,B,N,M,66,2/4/20,10:00:00AM,On-View,13B,SIMPLE ASSAULT & BATTERY OR AFFRAY,M,1,100 E CHANNING AVE,2031848.178,830346.334,D2,213,102
344664,B,N,F,26,4/4/24, 3:15:00PM,On-View,13B,SIMPLE ASSAULT & BATTERY OR AFFRAY,M,1,1800 GUESS RD,2025045.139,826604.8626,D2,212,301
318091,B,N,M,36,5/4/20, 4:54:00AM,Warrant/OFA,13B,ASSAULT ON FEMALE,M,1,0 ATKA CT,2044697.763,814842.7593,D1,123,1802
836420,W,,M,34,11/7/24, 1:19:00AM,Warrant/OFA,13A,ASSAULT INFLICTING SERIOUS BODILY INJURY,F,1,200 S MANGUM ST,2029359.233,816275.1706,D5,512,2300
322199,B,N,M,28,2/24/21,10:24:00AM,On-View,520,POSSESSION OF FIREARMS  ETC BY FELON PROHIBITED,F,1,400 E GEER ST,2032968.095,820339.62,D1,111,200
320661,W,H,M,23,11/3/20,11:22:00PM,On-View,23C,CONCEALMENT OF MERCHANDISE,M,1,6900 FAYETTEVILLE RD,2018208.482,783773.6121,D3,324,2021
322845,B,,M,32,4/11/21, 3:00:00AM,On-View,520,POSSESSION OF FIREARMS  ETC BY FELON PROHIBITED,F,1,2200 NC 54 HWY E,2031980.939,783159.6398,D4,421,2027
319706,B,N,M,22,8/25/20, 9:58:00AM,Warrant/OFA,26B,FINANCIAL TRANSACTION CARD - FRAUDULENT USE,F,1,3700 N DUKE ST,2028175.21,837439.5009,D2,223,1710
328320,W,N,F,45,2/20/22,11:48:00PM,Summons/Cited,23C,SHOPLIFTING,M,1,1500 GLENN SCHOOL RD,2045930.464,829338.6402,D1,121,1801
318023,B,N,F,23,4/29/20, 4:22:00PM,On-View,13B,SIMPLE ASSAULT & BATTERY OR AFFRAY,M,1,2000 NC 55 HWY,2031397.087,805572.1553,D4,412,2009
313645,B,N,M,26,9/5/19, 1:23:00PM,Warrant/OFA,13B,ASSAULT ON FEMALE,M,1,3300 DURHAM CHAPEL HILL BLVD,2016609.404,808775.6758,D3,314,2015
321993,B,N,M,26,2/10/21,11:52:00AM,Warrant/OFA,13B,ASSAULT ON FEMALE,M,1,200 N ROXBORO ST,2030236.194,816996.583,D5,512,2200
310968,B,N,M,16,5/2/19, 9:20:00PM,Summons/Cited,23C,SHOPLIFTING,M,1,6900 FAYETTEVILLE RD,2017343.545,783995.2639,D3,324,2021
315357,B,N,M,22,11/23/19,11:37:00PM,On-View,90J,TRESPASS (SECOND DEGREE),M,1,300 CRUTCHFIELD ST,2028570.716,832889.4266,D2,213,102
833832,B,N,M,24,3/5/24, 4:26:00PM,On-View,90Z,RESIST DELAY OBSTRUCT PUBLIC OFFICER,M,1,2100 BROAD ST,2025736.175,829143.1457,D2,213,102
316038,B,N,M,21,2/25/19, 1:50:00PM,Summons/Cited,35A,POSSESS CONTROL SUBSTANCE SCHEDULE VI,M,1,900 BLUESTONE RD,2027413.88,788913.6609,D4,421,2027
319237,B,N,M,27,7/23/20, 5:21:00PM,On-View,13C,COMMUNICATING THREATS,M,2,W LAKEWOOD AVE/BLACKWELL ST,2027744.245,814279.0035,D4,411,2300
327946,B,N,M,22,1/28/22, 1:06:00PM,Summons/Cited,35A,POSSESS MARIJUANA UP TO 1/2 OZ,M,1,5900 CORONADO LN,2025066.812,791574.6796,D4,421,2022
318090,B,N,M,36,5/4/20, 4:25:00AM,On-View,13B,ASSAULT ON FEMALE,M,1,0 ATKA CT,2044572.956,814957.8515,D1,123,1802
318179,B,N,F,24,5/9/20,10:19:00PM,On-View,13B,ASSAULT LAW ENFORCEMENT OR STATE OFFICER,M,1,2000 SAVANNAH AVE,2033978.825,806583.102,D4,413,2009
332095,B,N,M,33,8/28/22, 9:11:00AM,Warrant/OFA,90Z,RESIST DELAY OBSTRUCT PUBLIC OFFICER,M,1,1000 N MIAMI BLVD,2038778.324,816422.1258,D1,122,1002
339414,B,N,F,31,8/5/23, 2:57:00PM,On-View,90C,DISORDERLY CONDUCT,M,1,2100 ANGIER AVE,2036274.801,812566.8321,D1,113,1001
332902,B,N,M,49,10/22/22, 8:04:00PM,On-View,35A,POSSESS WITM/S/D CONTROLL SUBSTANCE SCHEDULE VI,F,1,900 BUNN TER,2037824.744,816587.972,D1,112,1002
321181,B,N,M,18,12/14/20,10:10:00PM,Warrant/OFA,9914,SEAT BELT USE,M,1,200 S MANGUM ST,2029077.348,816612.4174,D5,512,2300
319843,W,N,M,44,9/6/20, 2:16:00PM,Warrant/OFA,35A,MAINTAIN DWELLING/VEH FOR CONTROLLED SUBSTANCE,F,1,3800 N DUKE ST,2027941.257,837619.8345,D2,222,1710
320467,B,N,M,21,10/22/20, 1:35:00AM,Warrant/OFA,90Z,FAIL TO APPEAR-RELEASE ORDER,M,1,LIBERTY ST/HERBERT ST,2040181.373,815322.5141,D1,122,1002
329507,W,H,M,32,3/5/22, 4:52:00AM,On-View,90D,DRIVING WHILE IMPAIRED,M,1,17400 I85 S,2020805.563,829345.0857,D2,211,401
334359,B,,M,55,1/21/23,12:58:00AM,On-View,13B,ASSAULT ON FEMALE,M,1,700 S MANGUM ST,2028551.936,815135.3533,D3,311,2300
333064,B,N,M,47,11/4/22, 9:18:00PM,On-View,13C,COMMUNICATING THREATS,M,1,1600 LATHROP ST,2037342.533,816066.9817,D1,114,1002
317886,B,N,M,45,4/19/20, 3:00:00AM,Warrant/OFA,9910,WARRANT SERVICE FOR OTHER JURISDICTION,F,1,2100 CHARLES ST,2023608.641,807465.3549,D4,415,700
832915,W,N,F,42,5/18/24, 2:32:00PM,Warrant/OFA,35A,POSSESS CONTROL SUBSTANCE SCHEDULE III,F,1,1200 W MARKHAM AVE,2025631.095,822473.9828,D2,212,301
328303,B,,M,51,2/20/22, 4:06:00AM,Summons/Cited,9914,DRIVE WHILE LICENSE REVOKED IMPAIRED REV BASED,M,1,MARTIN LUTHER KING JR PKWY/ARCHDALE DR,2019920.929,803392.6037,D3,322,2007
836928,W,N,M,31,12/15/24, 1:04:00PM,On-View,90Z,RESIST DELAY OBSTRUCT PUBLIC OFFICER,M,1,2000 N ROXBORO ST,2032593.214,825034.0894,D2,214,101
325897,B,N,F,22,8/30/21, 2:54:00PM,Summons/Cited,520,CARRYING CONCEALED WEAPONS,M,1,5000 S ALSTON AVE,2033969.042,779909.2786,D4,422,2027
336090,B,,M,65,3/3/23,10:35:00AM,Summons/Cited,35B,POSSESSION OF DRUG PARAPHERNALIA,M,1,FAYETTEVILLE ST/E LAKEWOOD AVE,2030115.41,813851.7317,D4,411,2300
326987,W,H,M,27,11/11/21, 6:20:00AM,On-View,250,POSSESSION/MFG OF FRAUDULENT ID,M,1,2900 CHAPEL HILL RD,2018155.513,808189.396,D3,314,2015
331191,B,N,M,38,6/27/22,10:58:00PM,Warrant/OFA,13A,ASSAULT WITH DEADLY WEAPON WITH INTENT TO KILL ISI,F,1,200 S MANGUM ST,2029352.746,816267.4266,D5,512,2300
326455,B,N,M,34,9/22/21,10:18:00AM,On-View,35A,POSSESS MARIJUANA UP TO 1/2 OZ,M,1,0 WABASH ST,2032946.179,809716.3316,D4,413,1400
342525,B,N,M,40,1/3/24, 9:12:00PM,On-View,35B,DRUG EQUIPMENT/PARAPHERNALIA-REPEALED DO NOT USE,M,1,5100 COPPER RIDGE DR,2010212.889,788167.7576,D3,324,2019
307956,B,N,M,24,10/31/18, 7:04:00PM,Warrant/OFA,90Z,AIDING AND ABETTING-FELONY,F,1,3900 TOWNSEND ST,2023938.28,838977.9668,D2,222,1710
331027,B,N,M,31,6/16/22, 8:32:00PM,On-View,90J,TRESPASS (SECOND DEGREE),M,1,0 WABASH ST,2032806.677,809753.5822,D4,413,1400
329726,B,N,M,23,3/20/22, 5:08:00PM,Summons/Cited,35A,POSSESS MARIJUANA UP TO 1/2 OZ,M,1,1400 E CLUB BLVD,2038282.237,828943.2968,D2,214,1801
316368,B,N,M,32,12/20/19, 8:25:00PM,Warrant/OFA,23H,LARCENY (FELONY),F,1,200 S MANGUM ST,2029375.896,816378.1577,D5,512,2300
318367,B,N,F,32,5/21/20,10:18:00PM,Warrant/OFA,90Z,FAIL TO APPEAR-RELEASE ORDER,M,1,HOLLOWAY ST/N JOYLAND ST,2042906.83,815073.7808,D1,123,1802
329467,B,N,M,24,3/2/22,11:18:00AM,Summons/Cited,90J,TRESPASS (SECOND DEGREE),M,1,700 NINTH ST,2022461.156,822143.4935,D5,511,402
309896,W,H,M,38,3/10/19, 9:45:00PM,On-View,35A,POSSESS CONTROL SUBSTANCE SCHEDULE II,F,1,2200 N ROXBORO ST,2032481.196,825759.0211,D2,213,101
322115,B,N,M,32,2/17/21,12:17:00PM,Warrant/OFA,120,ROBBERY WITH FIREARMS OR OTHER DANGEROUS WEAPONS,F,1,ANGIER AVE/S BLACKNALL ST,2033556.349,813577.1312,D1,113,1100
337581,B,N,M,27,6/7/23, 9:12:00PM,On-View,520,CARRYING CONCEALED WEAPONS,M,1,1200 W CLUB BLVD,2025918.825,825038.0475,D2,212,301
327666,W,,M,65,1/7/22, 6:00:00AM,Summons/Cited,90J,TRESPASS (SECOND DEGREE),M,1,2400 HOLLOWAY ST,2041691.918,815001.5265,D1,123,1802
342490,B,N,M,56,1/7/24, 5:30:00PM,Warrant/OFA,90Z,CONSPIRACY TO COMMIT FELONY,F,1,200 S MANGUM ST,2029491.447,816267.9514,D5,512,2300
834120,B,N,M,26,8/4/24,11:48:00PM,Warrant/OFA,90Z,FAIL TO APPEAR-RELEASE ORDER,M,1,900 EVA ST,2033700.561,816638.2534,D1,113,1001
313789,B,N,M,61,9/12/19,10:51:00PM,Summons/Cited,9914,DISPLAY/POSSESS FICTITIOUS/EXPIRED REGISTRATION PLATE,M,1,EVA ST/N DRIVER ST,2036146.67,816595.0647,D1,113,1001
316339,W,H,M,37,1/11/20,10:22:00PM,On-View,13B,ASSAULT ON FEMALE,M,1,2100 S ROXBORO ST,2025382.868,809255.4815,D4,412,700
836121,B,,M,19,10/18/24, 7:40:00PM,Warrant/OFA,100,SECOND DEGREE KIDNAPPING,F,1,600 E MAIN ST,2031189.492,815526.7499,D5,513,1100
336063,B,N,M,30,3/2/23, 3:46:00PM,Warrant/OFA,26A,FINANCIAL TRANSACTION CARD TAKES/OBTAINS,F,2,200 S MANGUM ST,2029389.963,816388.6926,D5,512,2300
335925,B,N,M,46,2/18/23, 4:09:00PM,On-View,520,POSSESSION OF FIREARMS  ETC BY FELON PROHIBITED,F,1,CHAPEL HILL RD/JACKSON ST,2023322.735,817247.626,D3,312,500
833979,B,N,M,23,7/27/24, 6:32:00AM,Warrant/OFA,220,B&E-PREPARATION TO COMMIT BURGLARY OR HOUSEBREAKINGS,F,1,2300 ERWIN RD,2018610.334,821840.4605,D3,312,1501
337680,B,N,M,19,6/15/23, 7:34:00PM,On-View,9914,WINDOW WINDSHIELD TINT VIOL CMV,M,1,2400 OWEN ST,2037403.704,812099.6884,D1,114,1001
324942,W,H,M,29,6/23/21, 4:08:00AM,Warrant/OFA,13B,ASSAULT ON FEMALE,M,1,0 WILLOW CREEK CIR,2019612.856,839977.2359,D2,221,1711
309278,B,N,F,35,2/8/19,12:38:00PM,Warrant/OFA,90Z,FAIL TO APPEAR-SHOW CAUSE,M,1,4800 DANUBE LN,2032524.996,839129.2013,D2,223,1709
310539,B,N,M,52,4/11/19, 8:25:00AM,On-View,90D,DRIVING WHILE IMPAIRED,M,1,UNIVERSITY DR/W FOREST HILLS BLVD,2025501.654,811738.7273,D3,311,700
337433,B,,F,21,5/18/23,12:22:00PM,Summons/Cited,520,CARRYING CONCEALED WEAPONS,M,1,E CLUB BLVD/DEARBORN DR,2038353.746,828903.7128,D2,214,1801
333009,W,N,M,31,11/1/22,12:36:00PM,Warrant/OFA,9910,WARRANT SERVICE FOR OTHER JURISDICTION,,1,200 S MANGUM ST,2029365.491,816302.3135,D5,512,2300
310886,B,N,M,29,4/30/19, 6:52:00AM,Warrant/OFA,9910,WARRANT SERVICE FOR OTHER JURISDICTION,M,2,200 S MANGUM ST,2029478.737,816381.1429,D5,512,2300
341340,W,,F,45,10/6/23, 3:55:00AM,Summons/Cited,90D,DRIVING WHILE IMPAIRED,M,1,DURHAM CHAPEL HILL BLVD/SOUTHWEST DURHAM DR,2002759.689,802452.7099,D3,323,2018
341478,W,H,M,34,10/19/23, 3:40:00PM,Warrant/OFA,13B,ASSAULT ON FEMALE,M,1,1800 WILLIAMSBURG RD,2012659.657,803381.3055,D3,314,2016
328314,B,N,M,27,2/20/22, 6:00:00PM,Warrant/OFA,90Z,FAIL TO APPEAR-CRIMINAL SUMMONS OR CITATION,M,1,3900 FAYETTEVILLE ST,2028603.183,800903.9506,D4,412,2009
307018,B,N,M,54,10/4/18, 9:44:00PM,On-View,90Z,VIOLATE DOMESTIC VIOLENCE PROTECTIVE ORDER,M,1,300 JUNCTION RD,2043216.877,816505.4955,D1,123,1802
337268,B,N,M,54,5/22/23, 8:28:00AM,Warrant/OFA,90Z,FAIL TO APPEAR-RELEASE ORDER,M,1,E GEER ST/N ROXBORO ST,2031628.406,820145.4471,D2,212,200
329344,W,N,M,32,2/23/22, 1:47:00AM,On-View,23F,"B&E-VEHICLE, RR CARS, OTHER MOTOR VEHICLES",M,1,RENAISSANCE PKWY/ROLANDO DR,2017006.774,782947.61,D3,324,2021
342308,B,N,M,36,12/22/23, 9:06:00PM,Warrant/OFA,90Z,STATUTORY SEXUAL OFFENSE WITH A PERSON 15 YOA OR YOUNGER,F,1,1500 BRAXTON ST,2036507.11,819401.5435,D1,112,1002
318196,B,,M,22,5/10/20,10:36:00PM,On-View,35B,POSSESSION OF DRUG PARAPHERNALIA,M,1,2200 N ROXBORO ST,2032523.341,825700.1263,D2,213,101
308136,B,N,M,19,12/10/18, 8:51:00PM,Summons/Cited,35B,POSSESSION OF DRUG PARAPHERNALIA,M,1,2800 CHAPEL HILL RD,2018677.681,809530.0451,D3,314,2015
339011,B,N,F,32,7/7/23,12:45:00PM,Warrant/OFA,90Z,FAIL TO APPEAR-RELEASE ORDER,M,1,1200 LANDON ST,2039068.564,818559.4924,D1,122,1002
316350,B,N,M,33,1/12/20, 6:38:00PM,Warrant/OFA,9910,WARRANT SERVICE FOR OTHER JURISDICTION,,1,200 S MANGUM ST,2029385.729,816404.0279,D5,512,2300
330626,B,N,M,32,5/20/22, 4:54:00AM,Warrant/OFA,120,ROBBERY WITH FIREARMS OR OTHER DANGEROUS WEAPONS,F,1,200 S MANGUM ST,2029383.019,816361.8662,D5,512,2300
307409,B,N,M,56,10/26/18, 2:43:00AM,Warrant/OFA,9914,SPEEDING,M,1,200 S MANGUM ST,2029491.123,816261.3003,D5,522,2300
308557,W,N,M,55,1/4/19,11:26:00PM,On-View,90J,TRESPASS (SECOND DEGREE),M,1,3600 N ROXBORO ST,2029620.752,832402.0535,D2,213,102
833247,W,,F,47,6/9/24, 5:21:00PM,On-View,13B,DOMESTIC VIOLENCE,M,1,900 CONSTITUTION DR,2009792.183,823458.966,D3,313,1706
341213,W,H,M,18,9/28/23, 6:39:00PM,Warrant/OFA,90Z,FAIL TO APPEAR-RELEASE ORDER,F,1,200 S MANGUM ST,2029358.13,816404.526,D5,512,2300
322856,B,N,M,34,4/12/21, 2:11:00AM,Summons/Cited,520,CARRYING CONCEALED WEAPONS,M,1,3900 FAYETTEVILLE ST,2028583.7,800836.6772,D4,412,2009
333152,B,,M,35,11/10/22, 2:25:00PM,Summons/Cited,35A,POSSESS CONTROL SUBSTANCE SCHEDULE VI,M,1,LIBERTY ST/GARY ST,2038201.907,815499.1183,D1,114,1002
311423,B,N,M,21,5/23/19, 8:26:00PM,Summons/Cited,35A,POSSESS CONTROL SUBSTANCE SCHEDULE VI,M,1,6900 FAYETTEVILLE RD,2017231.593,783960.1091,D3,324,2021
338904,W,N,M,69,6/29/23, 7:09:00PM,On-View,9914,UNSAFE MOVEMENT STARTING STOPPING TURNING FROM DIRECT LINE,M,1,2400 GUESS RD,2022715.128,828550.3593,D2,211,401
835613,B,N,M,26,9/10/24, 5:45:00PM,On-View,35A,POSSESS MARIJUANA UP TO 1/2 OZ,M,1,3100 TOWER BLVD,2012577.554,808653.0714,D3,321,2015
329403,B,N,M,24,2/25/22, 3:41:00PM,Warrant/OFA,9914,SPEED TO ELUDE ARREST,F,1,S DURHAM FREEWAY/SWIFT AVE,2023533.097,820223.6776,D3,312,500
333673,B,N,M,25,12/7/22, 1:56:00AM,On-View,35A,POSSESS CONTROL SUBSTANCE SCHEDULE I,F,1,W CARVER ST/PENDERGRASS ST,2028474.678,833617.4927,D2,223,102
330713,B,N,M,24,5/24/22, 3:22:00PM,Warrant/OFA,23H,LARCENY OF FIREARM,F,1,2400 KATE ST,2037230.151,811068.9096,D1,114,1001
342332,B,,M,57,12/25/23,12:11:00AM,Warrant/OFA,9910,WARRANT SERVICE FOR OTHER JURISDICTION,,1,200 S MANGUM ST,2029355.397,816390.0641,D5,512,2300
836981,B,N,M,31,12/18/24, 4:31:00PM,Warrant/OFA,90Z,FAIL TO APPEAR-RELEASE ORDER,M,1,200 S MANGUM ST,2029473.657,816393.9284,D5,512,2300
331521,B,N,M,29,7/15/22,12:22:00PM,Warrant/OFA,120,ROBBERY WITH FIREARMS OR OTHER DANGEROUS WEAPONS,F,1,500 NASH ST,2028986.485,807009.5594,D4,412,1304
332966,W,N,F,29,10/28/22,10:23:00PM,Warrant/OFA,90Z,FAIL TO APPEAR-RELEASE ORDER,M,1,2100 N ROXBORO ST,2032584.36,825565.8368,D2,214,101
322662,W,N,M,55,3/28/21,10:47:00PM,Warrant/OFA,9910,WARRANT SERVICE FOR OTHER JURISDICTION,,1,MERIWETHER DR/OLD OXFORD RD,2032550.55,832014.9373,D2,223,1709
339187,B,N,F,22,7/19/23,10:11:00AM,Warrant/OFA,9910,WARRANT SERVICE FOR OTHER JURISDICTION,M,1,200 S MANGUM ST,2029451.077,816386.0932,D5,512,2300
311149,B,N,M,32,5/11/19, 1:42:00AM,Warrant/OFA,9914,DRIVE WHILE LICENSE REVOKED NOT IMPAIRED REV BASED,M,1,1900 AIKEN AVE,2039813.606,822878.4679,D1,121,1801
341632,B,,M,31,10/26/23, 5:03:00PM,On-View,90Z,RESIST DELAY OBSTRUCT PUBLIC OFFICER,M,1,MOREHEAD AVE/ROCK ST,2024695.594,815881.7948,D3,311,500
341731,B,,M,32,11/8/23, 9:19:00AM,On-View,23F,"B&E-VEHICLE, RR CARS, OTHER MOTOR VEHICLES",F,1,900 COX AVE,2031575.664,810498.8137,D4,411,1301
321137,B,N,M,53,12/11/20, 6:11:00AM,Summons/Cited,90J,TRESPASS (SECOND DEGREE),M,1,3000 FAYETTEVILLE ST,2027196.196,805838.2373,D4,412,1304
326655,B,H,M,31,10/18/21, 6:08:00AM,On-View,9914,NO OPERATOR LICENSE,M,1,FAYETTEVILLE ST/E UMSTEAD ST,2030038.187,812647.6735,D4,411,2300
324069,B,N,F,25,4/25/21,10:17:00AM,On-View,90J,TRESPASS (SECOND DEGREE),M,1,1100 N MIAMI BLVD,2038331.879,816781.3808,D1,112,1002
310691,B,N,M,20,4/19/19, 5:07:00PM,Warrant/OFA,13B,ASSAULT ON FEMALE,M,1,FAYETTEVILLE ST/BRANT ST,2029290.365,810026.5755,D4,412,1303
320597,B,N,M,58,10/30/20, 3:30:00PM,On-View,35A,MAINTAIN DWELLING/VEH FOR CONTROLLED SUBSTANCE,F,1,4100 SUDBURY RD,2032803.168,834981.4439,D2,223,1709
343671,B,N,M,30,1/19/24, 4:55:00PM,On-View,35A,SIMPLE POSSESSION OF SCHEDULE II CONTROL SUBSTANCE,F,1,ROBINHOOD RD/CHEEK RD,2037551.619,820482.2233,D1,121,1002
833946,W,N,F,20,7/21/24, 2:33:00AM,On-View,90Z,RESIST DELAY OBSTRUCT PUBLIC OFFICER,M,1,NC 55 HWY/CARPENTER FLETCHER RD,2032100.822,788059.4834,D4,421,2027
320528,B,N,M,36,10/9/20, 4:00:00PM,On-View,35A,POSSESS CS ON SCHOOL OR WITHIN 1000 FEET OF,F,1,800 RIDGEWAY AVE,2032323.524,810968.6944,D4,413,1400
835720,W,N,M,26,9/20/24, 4:59:00AM,On-View,13B,ASSAULT ON FEMALE,M,1,0 ATKA CT,2044785.654,814866.868,D1,123,1802
321746,B,N,M,21,12/27/20, 3:15:00PM,On-View,13A,ASSAULT BY STRANGULATION INFLICT PHYSICAL INJURY,F,1,600 E MAIN ST,2031302.974,815536.2675,D5,513,1100
315827,W,N,M,40,12/17/19,12:53:00PM,Warrant/OFA,90Z,FAIL TO APPEAR-RELEASE ORDER,M,1,200 S MANGUM ST,2029393.161,816391.2693,D5,512,2300
318998,B,N,F,21,7/7/20, 8:04:00AM,On-View,220,BURGLARY (FIRST DEGREE),F,1,1100 LINWOOD AVE,2031711.634,811607.1086,D4,411,1400
836834,B,N,M,37,12/9/24,12:28:00AM,Warrant/OFA,9910,WARRANT SERVICE FOR OTHER JURISDICTION,M,1,5200 NC 55 HWY,2030207.394,780211.052,D4,422,2027
311411,W,N,F,19,5/21/19, 4:13:00PM,Summons/Cited,23H,LARCENY/CONCEALMENT/DESTRUCTION OF WILLS,M,1,4000 DURHAM CHAPEL HILL BLVD,2012032.502,806710.4174,D3,314,2015
833618,B,,M,60,7/4/24, 6:19:00PM,Summons/Cited,90Z,RESIST DELAY OBSTRUCT PUBLIC OFFICER,M,1,GUESS RD/HORTON RD,2020990.703,839915.732,D2,222,1711
339193,B,N,F,20,7/20/23, 2:49:00PM,Warrant/OFA,90Z,FAIL TO APPEAR-RELEASE ORDER,M,1,CHAPEL HILL RD/WARD ST,2020468.746,812884.7171,D3,311,600
339145,B,N,M,53,7/16/23,11:30:00AM,On-View,520,POSSESSION OF FIREARMS  ETC BY FELON PROHIBITED,F,1,400 EAST END AVE,2040156.044,809758.4318,D1,114,1802
834205,B,,M,44,8/10/24, 9:24:00PM,On-View,9914,DRIVE WHILE LICENSE REVOKED NOT IMPAIRED REV BASED,M,1,2000 CHAPEL HILL RD,2021361.372,813851.3771,D3,311,600
341287,W,N,M,21,10/5/23,12:42:00PM,Warrant/OFA,9914,MOTORCYCLE - REQUIRED LIGHTING EQUIPMENT,,1,200 S MANGUM ST,2029449.847,816410.3288,D5,512,2300
336967,B,,M,31,4/28/23,11:02:00PM,Summons/Cited,520,CARRYING CONCEALED WEAPONS,M,1,S ROXBORO ST/SUMMIT ST,2025181.45,808424.8346,D4,412,1304
325479,B,N,M,31,7/29/21, 3:49:00PM,Warrant/OFA,13B,BATTERY ON AN UNBORN CHILD,M,1,800 S ALSTON AVE,2032070.756,811381.8933,D4,413,1301
336064,B,N,M,30,3/2/23, 3:40:00PM,Warrant/OFA,36B,STATUTORY RAPE OF A CHILD BY AN ADULT,F,1,200 S MANGUM ST,2029497.539,816379.1725,D5,512,2300
325565,B,N,M,32,8/4/21, 1:07:00PM,Warrant/OFA,23H,LARCENY (MISDEMEANOR),M,1,2700 CHAPEL HILL RD,2018674.988,809961.8418,D3,311,600
310215,B,N,M,29,3/26/19, 7:11:00PM,On-View,90J,TRESPASS (SECOND DEGREE),M,1,1800 HOLLOWAY ST,2038413.044,816182.323,D1,114,1002
332811,B,N,M,53,10/16/22, 8:30:00PM,On-View,90D,DRIVING WHILE IMPAIRED,M,1,700 BERWYN AVE,2034346.889,831361.9804,D2,214,101
307535,B,N,M,20,11/3/18, 4:40:00PM,On-View,90Z,CONSPIRACY TO COMMIT FELONY,F,1,1000 W CLUB BLVD,2026627.777,825589.2474,D2,211,301
308243,B,N,M,29,12/14/18,11:39:00AM,Warrant/OFA,9910,WARRANT SERVICE FOR OTHER JURISDICTION,M,1,200 S MANGUM ST,2029452.002,816283.7731,D5,522,2300
333005,B,N,M,25,11/1/22, 3:47:00AM,On-View,90J,TRESPASS (SECOND DEGREE),M,1,3000 S MIAMI BLVD,2045736.304,791617.8811,D4,423,2028
832994,W,,M,34,5/25/24,11:45:00PM,On-View,13B,ASSAULT ON FEMALE,M,1,1400 WABASH ST,2032575.327,808843.3892,D4,413,1400
320493,B,N,M,46,10/24/20, 7:26:00AM,On-View,13B,ASSAULT ON FEMALE,M,1,4000 MERIWETHER DR,2032148.766,833794.1931,D2,223,1709
336984,B,N,F,32,4/30/23, 4:00:00AM,On-View,90D,DRIVING WHILE IMPAIRED,M,1,DURHAM CHAPEL HILL BLVD/SOUTHWEST DURHAM,2002840.674,802364.0681,D3,323,2018
331289,B,N,M,35,7/5/22, 8:06:00AM,On-View,13B,ASSAULT ON FEMALE,M,1,1100 GEARWOOD AVE,2033277.59,818403.679,D1,111,900
833905,W,N,M,63,7/22/24, 8:21:00PM,On-View,13B,ASSAULT ON FEMALE,M,1,4400 HOPSON RD,2040666.227,774336.3646,D4,423,2028
308569,B,N,F,29,1/6/19, 1:50:00AM,On-View,90Z,FALSE REPORT TO POLICE RADIO BROADCASTING STATION,F,1,300 N BRIGGS AVE,2037184.407,815226.5471,D1,114,1002
836710,W,N,M,28,11/29/24, 1:11:00AM,On-View,9914,FINANCIAL RESPONSIBILITY PREREQ TO REGISTRATION,M,1,800 BELVIN AVE,2034461.195,831646.9646,D2,214,1709
308436,B,N,M,20,12/29/18, 5:15:00PM,On-View,35A,POSSESS CS ON SCHOOL OR WITHIN 1000 FEET OF,F,1,BOOKER AVE/LUCAS DR,2027709.515,801437.5591,D4,415,2026
322919,B,N,M,26,4/15/21, 4:23:00PM,Warrant/OFA,9910,WARRANT SERVICE FOR OTHER JURISDICTION,M,1,200 N ROXBORO ST,2030239.069,816972.933,D5,512,2200
342016,B,,M,34,11/27/23, 9:33:00AM,On-View,35A,SIMPLE POSSESSION OF SCHEDULE II CONTROL SUBSTANCE,F,1,3100 N ROXBORO ST,2032319.757,830159.278,D2,213,101
317339,B,N,M,28,2/28/20, 4:10:00PM,On-View,35A,POSSESS WITM/S/D CONTROLL SUBSTANCE SCHEDULE VI,F,1,900 FISKE ST,2037513.625,817193.3465,D1,112,1002
834096,B,N,M,33,8/3/24, 3:07:00AM,Warrant/OFA,9910,WARRANT SERVICE FOR OTHER JURISDICTION,,1,4800 HOPE VALLEY RD,2011824.555,789934.2419,D3,323,2018
329607,B,N,M,26,3/11/22, 7:28:00AM,Warrant/OFA,13A,ASSAULT BY POINTING A GUN,M,1,2300 ERWIN RD,2018506.292,821859.615,D3,312,1501
321056,B,N,M,55,12/4/20, 1:29:00PM,On-View,35B,POSSESSION OF DRUG PARAPHERNALIA,M,1,4500 NC 55 HWY,2031410.969,784166.5773,D4,421,2027
311762,B,N,F,44,6/7/19,10:36:00PM,On-View,23H,LARCENY (MISDEMEANOR),M,1,4000 DURHAM CHAPEL HILL BLVD,2012011.767,806806.3106,D3,314,2015
320280,B,N,M,55,10/8/20, 8:26:00AM,Warrant/OFA,9910,WARRANT SERVICE FOR OTHER JURISDICTION,M,1,200 S MANGUM ST,2029105.164,816639.0712,D5,512,2300
310032,W,N,F,61,3/16/19, 9:18:00PM,On-View,23H,LARCENY (FELONY),F,1,6900 FAYETTEVILLE RD,2017306.639,783995.1358,D3,324,2021
318373,B,N,M,44,5/21/20,10:23:00PM,On-View,13C,COMMUNICATING THREATS,M,1,200 S MANGUM ST,2029387.3,816370.203,D5,512,2300
835605,B,,M,34,9/10/24, 7:58:00PM,Warrant/OFA,9910,WARRANT SERVICE FOR OTHER JURISDICTION,,1,700 EPWORTH PL,2004775.704,802392.8877,D3,323,2018
333983,B,,F,27,12/28/22, 5:09:00PM,On-View,23H,LARCENY (MISDEMEANOR),M,1,5400 NEW HOPE COMMONS DR,2000226.88,802592.9653,D3,321,2017
836230,B,N,M,45,10/25/24, 3:20:00PM,On-View,35A,POSSESS MARIJUANA UP TO 1/2 OZ,M,1,2000 CHAPEL HILL RD,2021558.107,813925.562,D3,311,600
336809,B,N,M,33,4/18/23, 2:41:00PM,On-View,35A,MAINTAIN DWELLING/VEH FOR CONTROLLED SUBSTANCE,F,1,BURLINGTON AVE/NEBO ST,2029887.455,807707.0343,D4,412,1303
314276,B,N,F,17,10/4/19, 6:29:00PM,Warrant/OFA,9910,WARRANT SERVICE FOR OTHER JURISDICTION,,1,600 E MAIN ST,2031281.934,815535.3098,D5,513,1100
324634,B,N,M,53,6/1/21, 8:50:00PM,On-View,13B,ASSAULT ON FEMALE,M,1,300 S LASALLE ST,2015947.346,824587.1218,D3,313,1502
314749,B,N,M,26,10/27/19, 2:26:00PM,Warrant/OFA,13B,SIMPLE ASSAULT & BATTERY OR AFFRAY,M,1,2400 GLENBROOK DR,2036618.144,828131.9248,D2,214,101
317348,W,H,M,30,2/29/20, 4:29:00PM,Warrant/OFA,13A,ASSAULT BY STRANGULATION INFLICT PHYSICAL INJURY,F,1,3800 S ROXBORO ST,2022729.146,800573.0458,D4,415,2009
333914,W,,M,25,12/21/22,11:17:00PM,Warrant/OFA,90Z,FAIL TO APPEAR-RELEASE ORDER,M,1,200 S MANGUM ST,2029477.059,816274.3501,D5,512,2300
313313,B,U,F,20,8/21/19, 4:27:00AM,On-View,90Z,RESIST DELAY OBSTRUCT PUBLIC OFFICER,M,1,2100 N ROXBORO ST,2032524.606,825591.4183,D2,213,101
834355,B,N,M,31,8/15/24,10:03:00AM,On-View,35A,MAINTAIN DWELLING/VEH FOR CONTROLLED SUBSTANCE,F,2,600 HOMELAND AVE,2027969.765,804640.5526,D4,412,2009
319225,B,N,M,37,7/22/20, 3:37:00AM,On-View,35B,POSSESSION OF DRUG PARAPHERNALIA,M,1,N ROXBORO ST/E KNOX ST,2032221.055,823594.7582,D2,212,200
337712,B,N,M,33,6/16/23,11:30:00PM,Warrant/OFA,90Z,FAIL TO APPEAR-RELEASE ORDER,M,1,200 S MANGUM ST,2029352.196,816297.8465,D5,512,2300
834341,B,,F,23,8/22/24, 5:16:00AM,Summons/Cited,35A,POSSESS CONTROL SUBSTANCE SCHEDULE VI,M,1,5900 TATTERSALL DR,2021156.128,788877.9201,D4,421,2022
327001,W,N,M,31,11/11/21, 5:29:00PM,Warrant/OFA,9910,WARRANT SERVICE FOR OTHER JURISDICTION,F,1,200 S HOLMAN ST,2033281.185,813115.9473,D1,113,1100
326396,B,N,M,51,10/1/21, 8:11:00PM,On-View,280,RECEIVING OR TRANSFERRING STOLEN VEHICLES,F,1,2100 HOLLOWAY ST,2040350.387,816021.9878,D1,122,1002
316421,B,N,M,28,1/15/20, 8:40:00AM,On-View,9910,WARRANT SERVICE FOR OTHER JURISDICTION,F,1,200 S MANGUM ST,2029117.739,816715.6143,D5,512,2300
316256,B,U,M,28,1/8/20, 4:53:00PM,Warrant/OFA,250,FORGERY OR POSSESS COUNTERFEIT INSTRUMENTS,F,1,600 E MAIN ST,2031199.832,815560.6256,D5,513,1100
337215,B,U,M,25,5/18/23,12:08:00PM,Warrant/OFA,90Z,FAIL TO APPEAR-RELEASE ORDER,M,1,2800 GUESS RD,2021171.607,830214.643,D2,211,1705
329835,B,N,F,29,3/26/22, 2:23:00PM,Warrant/OFA,9910,WARRANT SERVICE FOR OTHER JURISDICTION,M,1,900 EDINBOROUGH DR,2045269.093,781239.817,D4,423,2028
836581,W,H,M,24,11/20/24,11:30:00AM,Warrant/OFA,290,VANDALISM-TO REAL PROPERTY WILLFUL AND WANTON INJURY,M,1,3600 UNIVERSITY DR,2015319.124,807114.5945,D3,314,2015
343624,B,N,M,53,1/18/24,12:35:00AM,Warrant/OFA,9910,WARRANT SERVICE FOR OTHER JURISDICTION,,1,200 S MANGUM ST,2029360.921,816375.9653,D5,512,2300
307675,B,N,M,34,11/14/18,12:23:00AM,Warrant/OFA,90Z,FAIL TO APPEAR-RELEASE ORDER,M,1,900 MOREHEAD AVE,2025373.089,815883.5166,D3,312,500
337282,B,N,M,28,5/19/23, 4:18:00PM,On-View,9914,CARELESS AND RECKLESS DRIVING,M,1,I85 N/,2027833.574,826546.9916,D2,213,102
832883,B,N,M,22,5/16/24, 8:28:00AM,Warrant/OFA,90Z,PROBATION VIOLATION,F,1,1700 CHEEK RD,2037757.253,820472.0864,D1,121,1002
342142,B,N,M,44,12/8/23, 1:59:00PM,Warrant/OFA,09A,MURDER (FIRST DEGREE),F,1,600 E MAIN ST,2031201.987,815522.6151,D5,513,1100
325533,B,N,M,43,8/2/21, 6:50:00AM,Warrant/OFA,290,VANDALISM-TO REAL PROPERTY WILLFUL AND WANTON INJURY,M,1,2400 N ROXBORO ST,2032440.022,826647.5527,D2,213,101
334790,W,H,M,47,2/14/23,10:07:00PM,On-View,90D,DRIVING WHILE IMPAIRED,M,1,2300 ANTHONY DR,2006768.504,831161.4369,D2,221,1707
319481,W,N,F,42,8/9/20,11:22:00AM,Warrant/OFA,9910,WARRANT SERVICE FOR OTHER JURISDICTION,M,1,2100 N ROXBORO ST,2032533.572,825515.9501,D2,213,101
322834,B,N,F,53,4/10/21, 3:05:00PM,Warrant/OFA,90Z,FAIL TO APPEAR-RELEASE ORDER,M,1,1200 DAYTON ST,2032742.19,808997.1271,D4,413,1400
316361,B,N,M,44,1/13/20,10:53:00AM,Warrant/OFA,9910,WARRANT SERVICE FOR OTHER JURISDICTION,,1,200 S MANGUM ST,2029489.783,816396.0935,D5,512,2300
329955,B,N,M,42,4/4/22, 5:03:00PM,On-View,90Z,RESIST DELAY OBSTRUCT PUBLIC OFFICER,M,1,4500 NC 55 HWY,2031314.329,784264.6343,D4,421,2027
308937,B,N,M,32,1/23/19, 5:04:00PM,Warrant/OFA,23H,LARCENY OF CHOSE IN ACTION,F,1,1700 HOLLOWAY ST,2038128.134,816400.3145,D1,114,1002
307006,B,N,M,24,10/4/18, 4:19:00AM,Warrant/OFA,220,BREAKING AND ENTERING BUILDING  (MISDEMEANOR),M,1,100 COMMERCE ST,2032047.698,815890.0423,D1,112,1100
330359,B,N,M,36,5/3/22, 9:39:00PM,Warrant/OFA,280,POSSESSING STOLEN GOODS,F,1,200 S MANGUM ST,2029494.794,816283.2743,D5,512,2300
325992,W,N,M,29,9/8/21, 3:28:00AM,Warrant/OFA,9910,WARRANT SERVICE FOR OTHER JURISDICTION,M,1,200 NC 54 HWY W,2018543.141,786522.7183,D3,322,2023
307283,W,N,M,16,10/19/18, 8:40:00PM,Warrant/OFA,13C,COMMUNICATING THREATS,M,1,1000 PARK AVE,2036507.79,817614.5445,D1,113,1002
327697,B,N,F,22,1/6/22, 1:45:00PM,Warrant/OFA,9910,WARRANT SERVICE FOR OTHER JURISDICTION,F,1,MARTIN LUTHER KING JR PKWY/STRATFORD LAKES DR,2026146.402,797550.5525,D4,415,2025
341658,B,,F,31,11/2/23, 9:46:00AM,Warrant/OFA,9910,WARRANT SERVICE FOR OTHER JURISDICTION,,1,200 S MANGUM ST,2029477.686,816386.0211,D5,512,2300
331390,B,N,F,43,7/11/22, 3:25:00PM,Warrant/OFA,13B,SIMPLE ASSAULT & BATTERY OR AFFRAY,M,1,200 S MANGUM ST,2029070.611,816536.3328,D5,512,2300
331808,B,,F,32,8/9/22, 5:04:00AM,Warrant/OFA,9910,WARRANT SERVICE FOR OTHER JURISDICTION,F,1,200 S MANGUM ST,2029349.129,816391.7063,D5,512,2300
310155,W,H,F,31,3/23/19, 8:28:00PM,Summons/Cited,90J,TRESPASS (SECOND DEGREE),M,1,1700 CHEEK RD,2037844.302,819925.6902,D1,122,1002
340978,B,,M,22,9/8/23, 7:26:00PM,Summons/Cited,520,CARRYING CONCEALED WEAPONS,M,1,400 CHANDLER RD,2048310.415,817045.4835,D1,123,1802
337108,B,N,M,50,5/10/23, 2:23:00PM,Warrant/OFA,90Z,PROBATION VIOLATION,M,1,200 S MANGUM ST,2029464.865,816365.1029,D5,512,2300
319809,B,N,F,44,9/2/20, 3:01:00PM,Summons/Cited,26A,TRANSFER PRICE TAG FROM GOODS TO OTHER GOODS,M,1,5400 NEW HOPE COMMONS DR,2000355.22,802560.3383,D3,321,2017
334539,B,,M,48,1/30/23, 9:00:00PM,On-View,290,INJURY TO PERSONAL PROPERTY,M,1,400 CRAVEN ST,2035193.015,833819.6967,D2,214,1709
321038,B,N,M,28,12/2/20,11:49:00PM,Warrant/OFA,13C,CYBERSTALKING,M,1,MERRICK ST/LINWOOD AVE,2030203.239,812071.6629,D4,411,1301
327923,B,N,F,25,1/26/22,10:40:00PM,On-View,13B,SIMPLE ASSAULT & BATTERY OR AFFRAY,M,1,600 DISCOVERY WAY,2052719.764,795747.3514,D4,423,1809
336527,W,N,F,46,3/28/23, 6:08:00PM,On-View,90Z,RESIST DELAY OBSTRUCT PUBLIC OFFICER,M,1,5200 MCFARLAND DR,2002564.765,800520.0319,D3,323,2018
308486,B,N,M,52,1/1/19, 7:35:00AM,On-View,220,BURGLARY (FIRST DEGREE),F,1,200 W GEER ST,2030758.174,820405.0927,D2,212,200
835701,W,N,M,25,9/18/24,11:32:00PM,On-View,9914,NO OPERATOR LICENSE,M,1,2200 GLOVER RD,2038866.015,803830.6259,D4,413,2027
307884,W,N,M,67,11/26/18, 9:03:00AM,Summons/Cited,13B,SIMPLE ASSAULT & BATTERY OR AFFRAY,M,1,3600 RIDGE RD,2009782.942,810896.2724,D3,321,2017
326020,B,N,F,23,9/9/21,12:40:00PM,Warrant/OFA,13B,ASSAULT A CHILD / MINOR,M,1,200 S MANGUM ST,2029180.38,816642.3237,D5,512,2300
308559,B,N,M,47,1/3/19, 4:41:00PM,On-View,13C,COMMUNICATING THREATS,M,1,2900 CHAPEL HILL RD,2017956.422,808263.0524,D3,314,2015
317294,B,N,F,19,2/27/20,11:57:00AM,Warrant/OFA,270,LARCENY BY SERVANTS AND OTHER EMPLOYEES,F,1,200 S MANGUM ST,2029472.179,816290.0544,D5,512,2300
835526,W,,F,35,9/4/24, 2:06:00PM,On-View,35A,POSSESS W/I/T M/S/D CONTROL SUBSTANCE SCHEDULE I,F,1,2500 HIGHLAND AVE,2032374.813,827225.0255,D2,213,101
314953,B,N,F,24,11/4/19, 3:34:00PM,Warrant/OFA,9910,WARRANT SERVICE FOR OTHER JURISDICTION,,1,LIBERTY ST/N BRIGGS AVE,2037139.642,815827.9257,D1,113,1002
320600,B,N,M,19,10/20/20, 1:11:00AM,Summons/Cited,520,CARRYING CONCEALED WEAPONS,M,1,N BRIGGS AVE/TAYLOR ST,2036962.385,814870.8739,D1,113,1001
317725,B,N,M,23,4/7/20, 7:08:00AM,Summons/Cited,220,BREAKING AND ENTERING BUILDING  (MISDEMEANOR),M,1,900 CHALK LEVEL RD,2026263.641,836845.6116,D2,222,1710
834441,B,N,F,39,8/28/24,10:17:00PM,On-View,35A,POSSESS CONTROL SUBSTANCE SCHEDULE II,F,1,DAVIDSON AVE/N ROXBORO ST,2032492.028,825628.4033,D2,213,101
832824,W,,M,71,5/10/24, 8:38:00PM,On-View,90D,DRIVING WHILE IMPAIRED,M,1,800 NINTH ST,2022978.871,822990.1142,D2,211,402
833659,B,N,M,30,7/8/24, 3:16:00PM,Warrant/OFA,90Z,FAIL TO APPEAR-RELEASE ORDER,M,1,200 S MANGUM ST,2029357.687,816397.2659,D5,512,2300
327372,B,N,M,43,12/12/21, 9:48:00PM,On-View,90Z,RESIST DELAY OBSTRUCT PUBLIC OFFICER,M,1,PLEASANT DR/BOSWELL ST,2043081.962,805848.0195,D1,114,1809
325336,W,H,M,43,7/19/21, 6:42:00PM,On-View,90D,DRIVING WHILE IMPAIRED,M,1,2700 GUESS RD,2021723.746,829685.5366,D2,211,1705
332134,B,N,M,27,8/25/22, 9:16:00PM,Warrant/OFA,9910,WARRANT SERVICE FOR OTHER JURISDICTION,,1,1000 ROSEDALE AVE,2023045.497,815481.299,D3,311,500
307903,B,N,F,26,11/27/18, 9:17:00AM,On-View,90D,DRIVING WHILE IMPAIRED,M,1,N DUKE ST/W TRINITY AVE,2027975.938,821004.0645,D5,512,302
309287,B,,F,39,2/8/19,11:00:00PM,On-View,35B,POSSESSION OF DRUG PARAPHERNALIA,M,1,2100 N ROXBORO ST,2032363.993,825416.3134,D2,213,101
327746,B,,M,27,1/14/22, 5:07:00AM,On-View,520,CARRYING CONCEALED WEAPONS,M,1,200 MARBELLA GROVE CT,2027376.018,798727.1821,D4,415,2026
310614,B,N,M,22,4/14/19,11:39:00PM,On-View,90Z,RESIST DELAY OBSTRUCT PUBLIC OFFICER,M,1,500 ELMIRA AVE,2028382.923,805580.7441,D4,412,1304
834244,B,N,M,22,8/2/24,10:20:00PM,On-View,35A,POSSESS CS PUBLIC PARK OR WITHIN 1000 FEET OF,F,2,900 E MAIN ST,2032084.977,815182.5396,D5,513,1100
337437,W,,M,32,5/31/23, 9:06:00PM,On-View,13A,ASSAULT WITH DEADLY WEAPON INFLICTING SERIOUS INJURY,F,1,800 UNDERWOOD AVE,2022920.01,816866.3863,D3,312,500
343695,B,N,M,34,10/27/23,12:01:00AM,Warrant/OFA,520,POSSESSION OF FIREARMS  ETC BY FELON PROHIBITED,F,1,S ALSTON AVE/MASSEY AVE,2031855.698,811174.7062,D4,413,1400
344701,B,N,M,52,4/9/24, 2:01:00AM,On-View,220,BREAKING AND ENTERING BUILDING  (MISDEMEANOR),M,1,300 GLEN FALLS LN,2033519.382,776892.9994,D4,422,2027
306996,W,H,F,20,10/3/18, 3:46:00PM,On-View,270,LARCENY BY SERVANTS AND OTHER EMPLOYEES,F,1,8200 RENAISSANCE PKWY,2013979.146,784018.9229,D3,324,2021
312013,B,N,M,26,6/19/19, 2:28:00PM,Warrant/OFA,290,VANDALISM-TO REAL PROPERTY WILLFUL AND WANTON INJURY,M,1,700 RAYNOR ST,2038164.494,815957.7217,D1,114,1002
331099,W,N,M,57,6/18/22, 4:38:00PM,Summons/Cited,520,DISCHARGING WEAPONS GENERALLY,M,1,GUESS RD/HORTON RD,2020908.316,839816.2656,D2,222,1711
833620,B,N,F,21,7/4/24, 6:47:00PM,On-View,90F,CHILD ABUSE A GENERAL MISDEMEANOR,M,1,200 SEVEN OAKS RD,2027974.11,844494.5484,D2,224,1708
314276,B,N,F,17,10/4/19, 6:29:00PM,Warrant/OFA,9910,WARRANT SERVICE FOR OTHER JURISDICTION,,1,600 E MAIN ST,2031217.143,815446.4313,D5,513,1100
310710,W,H,M,44,4/20/19, 8:00:00PM,Summons/Cited,23H,LARCENY (MISDEMEANOR),M,1,8200 RENAISSANCE PKWY,2012873.548,783476.4483,D3,324,2021
342333,B,,M,57,12/25/23,12:07:00AM,Warrant/OFA,9910,WARRANT SERVICE FOR OTHER JURISDICTION,,1,200 S MANGUM ST,2029353.468,816263.7488,D5,512,2300
319607,B,N,M,55,8/18/20,10:39:00AM,Warrant/OFA,13B,ASSAULT ON FEMALE,M,1,1000 N MIAMI BLVD,2038924.202,816559.0167,D1,122,1002
308498,W,N,M,17,1/1/19, 4:06:00PM,Warrant/OFA,90Z,FAIL TO APPEAR-RELEASE ORDER,M,1,200 S MANGUM ST,2029461.47,816260.6945,D5,512,2300
319859,B,N,F,25,9/8/20,10:37:00AM,Warrant/OFA,35A,POSSESS CS PUBLIC PARK OR WITHIN 1000 FEET OF,F,1,200 S MANGUM ST,2029355.645,816292.365,D5,512,2300
328016,B,N,M,71,2/1/22, 9:20:00PM,Warrant/OFA,90Z,FAIL TO APPEAR-RELEASE ORDER,M,1,200 S MANGUM ST,2029357.633,816388.5042,D5,512,2300
334893,W,,M,27,2/19/23,12:23:00PM,On-View,90Z,RESIST DELAY OBSTRUCT PUBLIC OFFICER,M,1,5400 NEW HOPE COMMONS DR,2000336.925,802576.8362,D3,321,2017
310579,B,,F,34,4/12/19, 6:30:00PM,On-View,13C,COMMUNICATING THREATS,M,1,2600 FAYETTEVILLE ST,2028488.64,807051.8694,D4,412,1304
336443,B,N,M,32,3/1/23,12:00:00AM,On-View,09A,MURDER (FIRST DEGREE),F,1,4500 NC 55 HWY,2031424.574,784258.8,D4,421,2027
320135,W,N,M,42,9/29/20, 9:39:00AM,Warrant/OFA,26A,OBTAINING PROPERTY BY FALSE PRETENSES,F,1,HOLLOWAY ST/JUNCTION RD,2042122.894,815413.9341,D1,122,1802
836745,B,N,M,35,12/2/24,11:23:00AM,Warrant/OFA,90Z,TRUE BILL OF INDICTMENT,F,1,200 S MANGUM ST,2029360.265,816388.0383,D5,512,2300
330287,B,N,M,18,4/22/22, 6:14:00PM,On-View,520,CARRYING CONCEALED WEAPONS,M,1,100 COMMERCE ST,2031932.581,816000.0182,D1,111,1100
336096,B,N,M,32,3/2/23,11:54:00PM,On-View,35B,POSSESSION OF DRUG PARAPHERNALIA,M,1,1200 N MIAMI BLVD,2037689.554,818045.0224,D1,122,1002
836408,B,N,M,41,11/6/24, 2:10:00PM,On-View,9910,WARRANT SERVICE FOR OTHER JURISDICTION,M,1,200 S MANGUM ST,2029376.412,816287.2086,D5,512,2300
333060,B,N,M,28,11/2/22, 1:52:00AM,On-View,35B,POSSESSION OF DRUG PARAPHERNALIA,M,1,FAYETTEVILLE ST/E UMSTEAD ST,2029937.56,812652.2114,D4,411,2300
321014,W,N,M,45,12/1/20, 1:48:00PM,On-View,520,DISCHARGING WEAPONS GENERALLY,M,1,FAYETTEVILLE RD/I40 W,2019147.477,785828.2195,D4,422,2021
321756,B,N,M,31,1/15/21,10:36:00AM,Warrant/OFA,13A,ASSAULT BY STRANGULATION INFLICT PHYSICAL INJURY,F,1,3900 SWARTHMORE RD,2012195.324,795113.0116,D3,322,2008
314796,B,N,F,18,10/24/19, 3:28:00PM,Warrant/OFA,9910,WARRANT SERVICE FOR OTHER JURISDICTION,,1,500 LIBERTY ST,2031991.026,816590.6214,D1,111,1100
836490,W,H,M,24,11/13/24, 4:34:00AM,Warrant/OFA,90Z,FAIL TO APPEAR-RELEASE ORDER,F,1,2700 RAMBLEGATE LN,2020494.189,835023.3131,D2,222,1705
339067,B,N,M,40,7/10/23, 3:30:00PM,Summons/Cited,35A,POSSESS MARIJUANA UP TO 1/2 OZ,M,1,E MAIN ST/S ELM ST,2032622.163,814743.1281,D5,513,1100
309808,B,N,M,48,2/8/19,12:01:00AM,On-View,90Z,UNAUTHORIZED USE OF MOTOR VEHICLE,M,1,4500 NC 55 HWY,2031416.174,784240.1933,D4,421,2027
831373,B,,M,46,4/14/24, 5:13:00AM,Summons/Cited,90G,POSSESSION OF ALCOHOL WHILE OPERATING COMMERCIAL MV,M,1,500 RIGSBEE AVE,2029691.485,818931.5135,D5,512,2200
326638,B,N,M,56,10/20/21,12:37:00PM,Warrant/OFA,23H,LARCENY (MISDEMEANOR),M,1,900 EVA ST,2033810.705,816533.3351,D1,113,1001
329395,B,N,M,34,2/25/22, 2:52:00PM,On-View,23F,"B&E-VEHICLE, RR CARS, OTHER MOTOR VEHICLES",F,1,200 S MANGUM ST,2029205.946,816539.1489,D5,512,2300
341086,B,N,M,29,9/20/23, 3:09:00AM,Warrant/OFA,13A,ASSAULT INFLICT SERIOUS INJURY OR AWDW,M,2,200 S MANGUM ST,2029467.7,816262.1585,D5,512,2300
337659,B,N,M,33,6/14/23, 3:33:00PM,On-View,9914,MOTORCYCLE - REQUIRED LIGHTING EQUIPMENT,M,1,N ALSTON AVE/LIBERTY ST,2033759.677,816227.6192,D1,113,1100
336835,B,N,F,27,4/20/23, 1:51:00PM,On-View,35A,MAINTAIN DWELLING/VEH FOR CONTROLLED SUBSTANCE,F,1,HOLLOWAY ST/N MIAMI BLVD,2038779.8,816340.5523,D1,122,1002
836689,W,,M,52,11/27/24, 5:19:00AM,Warrant/OFA,23H,LARCENY AFTER BURGLARY/B&E,F,1,400 CRUTCHFIELD ST,2028229.852,833242.0318,D2,213,102
832522,B,,M,21,4/21/24, 5:00:00AM,Summons/Cited,520,CARRYING CONCEALED WEAPONS,M,1,I885 N/EXIT 12 CHEEK RD RAMP,2040578.434,819487.1789,D1,122,1802
342082,W,H,M,38,12/2/23, 8:07:00PM,On-View,13A,ASSAULT WITH DEADLY WEAPON INFLICTING SERIOUS INJURY,F,1,400 E PILOT ST,2026999.211,806505.6756,D4,412,1304
833054,B,N,M,51,5/30/24, 1:28:00PM,Summons/Cited,23H,LARCENY (MISDEMEANOR),M,1,RENAISSANCE PKWY/NC 751 HWY,2011930.085,782822.8936,D3,324,2021
324813,B,N,M,33,6/11/21, 5:20:00PM,On-View,23H,LARCENY (FELONY),F,1,6900 FAYETTEVILLE RD,2017201.012,784076.4663,D3,324,2021
310634,B,N,M,22,3/8/19, 6:08:00PM,On-View,13B,SIMPLE ASSAULT & BATTERY OR AFFRAY,M,1,GUESS RD/LANDIS DR,2020105.456,842597.4217,D2,222,1711
341408,B,N,M,25,10/13/23, 3:32:00PM,Warrant/OFA,290,VANDALISM-TO REAL PROPERTY WILLFUL AND WANTON INJURY,M,1,E MAIN ST/HOOD ST,2031692.804,815530.0793,D5,513,1100
326370,B,N,M,23,9/30/21, 1:11:00PM,Warrant/OFA,290,VANDALISM-TO REAL PROPERTY WILLFUL AND WANTON INJURY,M,1,2800 CREST ST,2017272.994,823441.9793,D3,313,1502
339020,W,H,M,53,7/7/23, 7:52:00PM,On-View,9914,OPERATING VEHICLE ON HIGHWAY WITHOUT REGISTRATION OR EXPIRED,M,1,MAPLEWOOD DR/DEARBORN DR,2038998.233,831656.5424,D2,214,1709
342254,W,H,M,19,12/17/23, 3:46:00AM,On-View,9914,NO OPERATOR LICENSE,M,1,2100 S ROXBORO ST,2025406.669,809100.7971,D4,412,700
328280,B,N,M,51,2/19/22, 3:25:00AM,Warrant/OFA,90Z,FAIL TO APPEAR-RELEASE ORDER,M,1,1800 HOLLOWAY ST,2038277.145,816085.5376,D1,114,1002
343683,B,,M,38,1/21/24, 6:04:00AM,On-View,90Z,RESIST DELAY OBSTRUCT PUBLIC OFFICER,M,1,3100 ACADEMY RD,2016226.801,807520.5629,D3,314,2015
318818,W,H,M,19,6/22/20, 1:10:00PM,Warrant/OFA,26A,OBTAINING PROPERTY BY FALSE PRETENSES,F,1,2200 GLOVER RD,2038742.129,803838.2757,D4,413,2027
316771,B,N,M,26,1/29/20,10:17:00PM,Warrant/OFA,9910,WARRANT SERVICE FOR OTHER JURISDICTION,,1,200 SEVEN OAKS RD,2028112.797,844497.9421,D2,224,1708
336584,B,N,M,44,3/30/23, 2:53:00PM,On-View,35A,POSSESS WIT M/S/D CONTROL SUBSTANCE SCHEDULE II,F,1,500 BURLINGTON AVE,2029319.871,807574.0725,D4,412,1303
320385,B,N,M,27,10/15/20, 1:35:00PM,Summons/Cited,35B,POSSESSION OF DRUG PARAPHERNALIA,M,1,100 S BUCHANAN BLVD,2025674.901,819766.0198,D5,511,500
834099,W,N,M,41,8/3/24, 4:19:00AM,On-View,90Z,FAIL TO APPEAR-RELEASE ORDER,M,1,3400 HILLSBOROUGH RD,2015610.062,826919.7741,D2,221,401
314697,B,N,M,28,10/23/19, 3:08:00PM,On-View,23H,LARCENY (MISDEMEANOR),M,1,1000 THINK PL,2047428.765,767445.9002,,,
308775,W,N,M,77,1/16/19, 9:49:00AM,Summons/Cited,90Z,CITY ORD NOT IN TABLE (MUST SPECIFY CHARGE IN NOTES),M,1,200 BRANDERMILL DR,2022355.498,793721.3088,D3,322,2024
332086,W,H,M,22,8/28/22, 1:04:00AM,Summons/Cited,35A,POSSESS MARIJUANA UP TO 1/2 OZ,M,1,100 S CORCORAN ST,2028516.123,817524.9909,D5,512,2200
836432,B,N,M,18,11/7/24, 2:57:00PM,Summons/Cited,9914,SPEEDING - FAILURE TO REDUCE TO AVOID ACCIDENT,M,1,DURHAM CHAPEL HILL BLVD/GARRETT RD,2006780.715,804864.0062,D3,323,2016
308938,B,N,M,30,1/23/19, 1:56:00PM,On-View,90Z,FALSE IMPRISONMENT (COMMON LAW),M,1,300 LYNN FOREST DR,2029961.156,795734.152,D4,414,2025
339482,B,,M,31,8/10/23, 5:19:00AM,Summons/Cited,220,BREAKING AND ENTERING BUILDING  (MISDEMEANOR),M,1,1500 SEDWICK RD,2028127.066,777332.6643,D4,422,2013
317078,B,N,M,21,2/14/20,10:41:00PM,Summons/Cited,35A,POSSESS MARIJUANA UP TO 1/2 OZ,M,1,E CORNWALLIS RD/BEECHWOOD DR,2025238.896,804743.5567,D4,412,1304
312894,B,N,M,43,8/1/19, 4:00:00PM,On-View,13B,ASSAULT ON FEMALE,M,1,2100 ANGIER AVE,2036342.85,812313.8211,D1,113,1001
321765,W,H,M,47,1/22/21,12:38:00PM,Warrant/OFA,90Z,SEXUAL BATTERY,M,1,200 S MANGUM ST,2029204.844,816527.0203,D5,512,2300
332955,B,N,M,35,10/28/22, 1:56:00AM,On-View,520,CARRYING CONCEALED WEAPONS,M,1,300 S ALSTON AVE,2032465.553,813053.7788,D5,513,1400
316925,B,N,M,33,2/8/20, 3:35:00PM,Warrant/OFA,9910,WARRANT SERVICE FOR OTHER JURISDICTION,,1,1300 E MAIN ST,2033473.781,814091.2595,D1,113,1100
320762,B,N,M,36,11/10/20, 6:10:00PM,Warrant/OFA,11A,SECOND DEGREE FORCIBLE RAPE,F,1,500 W PETTIGREW ST,2027950.753,817505.5688,D5,511,700
836513,B,N,M,32,11/12/24, 3:38:00PM,Warrant/OFA,35B,POSSESSION OF DRUG PARAPHERNALIA,M,1,1000 N ALSTON AVE,2033816.448,816974.5404,D1,112,900
324969,B,N,M,31,6/22/21, 4:03:00PM,On-View,35A,POSSESS CONTROL SUBSTANCE SCHEDULE VI,M,1,1900 JERSEY AVE,2020973.409,814804.0805,D3,312,600
307510,B,N,M,42,10/29/18, 3:28:00AM,Warrant/OFA,9910,WARRANT SERVICE FOR OTHER JURISDICTION,M,1,200 S MANGUM ST,2029354.02,816285.7274,D5,522,2300
342550,B,N,M,34,1/12/24, 1:50:00PM,Warrant/OFA,9910,WARRANT SERVICE FOR OTHER JURISDICTION,M,1,200 S MANGUM ST,2029472.515,816277.1244,D5,512,2300
339238,W,N,F,64,7/23/23,11:56:00AM,Warrant/OFA,270,EMBEZZLEMENT PROP. REC. BY VIRTUE OF OFFICE/EMPLOYMENT,F,3,600 E MAIN ST,2031289.344,815543.3672,D5,513,1100
327990,B,N,M,33,1/31/22, 2:14:00PM,Summons/Cited,200,SETTING FIRE TO GRASS AND BRUSHLAND AND WOODLANDS,M,1,WASHINGTON ST/W GEER ST,2028638.209,820258.4733,D5,511,2200
835574,B,,F,33,9/6/24,10:10:00PM,Warrant/OFA,9910,WARRANT SERVICE FOR OTHER JURISDICTION,M,1,4700 NC 55 HWY,2031415.075,782814.8724,D4,422,2027
331829,B,,M,36,8/10/22, 5:16:00AM,Warrant/OFA,9914,CARELESS AND RECKLESS DRIVING,M,1,S JOYLAND ST/WEDGEDALE AVE,2042891.392,814231.2443,D1,123,1802
834158,B,N,M,54,8/7/24, 1:08:00PM,On-View,90Z,RESIST DELAY OBSTRUCT PUBLIC OFFICER,M,1,2500 ERWIN RD,2016828.98,822195.6667,D3,312,1502
344286,B,N,M,48,3/6/24, 4:34:00AM,Warrant/OFA,90J,TRESPASS (SECOND DEGREE),M,1,500 E MAIN ST,2031138.353,816303.8685,D5,513,1100
319669,W,,M,31,5/22/20, 6:16:00PM,Summons/Cited,23C,SHOPLIFTING,M,1,3700 MT MORIAH RD,2001988.4,800554.5953,D3,323,2018
336418,B,N,M,40,3/16/23, 6:42:00PM,On-View,35A,POSSESS MARIJUANA UP TO 1/2 OZ,F,1,2600 KINGDOM WAY,2037895.051,830761.2234,D2,214,1801
308680,W,N,M,31,1/11/19, 3:26:00PM,Warrant/OFA,9910,WARRANT SERVICE FOR OTHER JURISDICTION,,1,3300 DURHAM CHAPEL HILL BLVD,2016550.552,808761.9974,D3,314,2015
325015,B,N,M,28,6/29/21, 3:36:00AM,On-View,220,BREAKING OR ENTERING BUILDINGS GENERALLY,F,1,600 ARNETTE AVE,2025326.162,817827.2324,D3,312,500
327395,B,N,M,29,12/15/21, 2:56:00AM,On-View,220,BREAKING AND ENTERING BUILDING  (MISDEMEANOR),M,1,1100 S HOOVER RD,2038387.031,811528.2304,D1,114,1001
318410,W,H,M,22,5/24/20, 3:09:00PM,On-View,290,INJURY TO PERSONAL PROPERTY,M,1,2900 CHAPEL HILL RD,2018051.807,808149.2109,D3,314,2015
334313,B,N,M,19,1/18/23, 8:50:00PM,On-View,120,COMMON LAW ROBBERY,F,1,500 W PETTIGREW ST,2027906.163,817431.6528,D5,511,700
314417,W,N,M,41,10/11/19, 1:26:00AM,On-View,90Z,RESIST DELAY OBSTRUCT PUBLIC OFFICER,M,1,1100 N MIAMI BLVD,2038225.302,816860.9592,D1,112,1002
317853,B,N,F,27,4/16/20,11:24:00PM,Summons/Cited,35A,POSSESS CONTROL SUBSTANCE SCHEDULE VI,M,1,1600 HOLLOWAY ST,2037415.267,816586.9171,D1,113,1002
328115,B,N,M,43,2/9/22, 2:43:00AM,On-View,280,POSSESSING STOLEN GOODS,F,1,1200 MORELAND AVE,2023340.536,814364.7032,D3,311,500
836902,W,H,M,44,12/12/24, 6:51:00PM,On-View,90Z,RESIST DELAY OBSTRUCT PUBLIC OFFICER,M,1,DURHAM CHAPEL HILL BLVD/WESTGATE DR,2011508.467,807432.6677,D3,314,2015
344648,A,,M,22,4/2/24, 6:12:00PM,Warrant/OFA,13C,STALKING,F,1,200 S MANGUM ST,2029472.789,816372.3369,D5,512,2300
330959,B,N,M,27,6/12/22, 1:14:00PM,Warrant/OFA,290,INJURY TO PERSONAL PROPERTY,M,1,1100 UNIVERSITY DR,2026843.207,813483.0005,D4,411,700
308556,B,N,M,49,1/4/19, 8:13:00PM,Summons/Cited,23H,LARCENY (MISDEMEANOR),M,1,MACON ST/WASHINGTON ST,2029724.733,822215.7564,D2,212,302
835843,B,N,M,37,9/29/24, 7:30:00AM,Warrant/OFA,23H,LARCENY (FELONY),F,1,3700 MT MORIAH RD,2001989.364,800654.5057,D3,323,2018
341189,W,H,M,26,9/27/23,10:45:00PM,On-View,13C,COMMUNICATING THREATS,M,1,2900 CHAPEL HILL RD,2018104.481,808232.5629,D3,314,2015
330836,W,N,M,21,6/2/22, 4:20:00PM,On-View,35B,POSSESSION OF DRUG PARAPHERNALIA,M,1,POTTER ST/MATHISON ST,2032621.072,811545.2161,D4,413,1400
315733,B,N,M,57,12/12/19,11:43:00PM,Warrant/OFA,90Z,FAIL TO APPEAR-CRIMINAL SUMMONS OR CITATION,M,1,200 S MANGUM ST,2029382.613,816261.8415,D5,512,2300
336298,B,N,F,40,3/14/23, 4:14:00PM,Warrant/OFA,23H,LARCENY (FELONY),F,1,ANGIER AVE/S HOLMAN ST,2033272.049,813690.5813,D1,113,1100
339005,B,N,F,34,7/7/23,11:28:00AM,Warrant/OFA,90Z,INTERFERING WITH EMERGENCY COMMUNICATION,M,1,1100 DAYTON ST,2032384.986,809297.3251,D4,413,1400
327346,B,,M,40,12/11/21, 3:25:00AM,Summons/Cited,9914,ALTERATION  DISGUISE OR CONCEALMENT OF NUMBERS,M,1,BURLINGTON AVE/LINCOLN ST,2030611.06,807780.9293,D4,412,1303
315988,B,N,M,19,12/25/19,10:06:00AM,Warrant/OFA,13A,DISCHARING FIREARM INTO OCCUPIED PROPERTY,F,1,0 FLATFORD CT,2045199.198,825579.8638,D1,121,1801
319296,B,,M,50,7/28/20, 1:32:00AM,On-View,120,COMMON LAW ROBBERY,F,1,1300 HILL ST,2026442.002,814134.2823,D3,311,700